Date,Open,High,Low,Close_EWMA_14,Close,Forecast,Confidence_Pct,RMSE
2022-01-03,144.69669680850416,145.4907358694923,143.35801639033082,145.18878446779271,144.63336181640625,144.57,100.0,0.06336181640625682
2022-01-04,145.03686051675854,146.12317513627954,143.36151980542982,145.03599072820683,144.04283142089844,144.84,100.0,0.7971685791015659
2022-01-05,144.06328362596875,144.1425855577758,137.34791689082942,144.02248428215424,137.4346923828125,139.1,100.0,1.6653076171874943
2022-01-06,136.6601141952857,139.59434640962326,136.22119857319643,143.1404539885441,137.40725708007812,138.94,100.0,1.5327429199218727
2022-01-07,137.804265165952,138.10652574924947,135.4311436259223,142.2788679033528,136.67855834960938,136.62,100.0,0.05855834960937045
2022-01-10,134.74435988610503,138.47661922306227,132.83558830650588,141.75194959501513,138.3269805908203,136.42,100.0,1.906980590820325
2022-01-11,137.66612065063754,139.8696639619465,136.35486861712667,141.4371347987527,139.39083862304688,138.65,100.0,0.7408386230468693
2022-01-12,140.80135202317535,142.25575854203717,140.34698697592836,141.38967169212214,141.08116149902344,141.85,100.0,0.7688385009765568
2022-01-13,141.1903836098123,142.49716064099485,138.0671205979264,140.9703407920267,138.24468994140625,139.97,100.0,1.7253100585937489
2022-01-14,136.74039846456807,140.39436017583643,136.6601071693992,140.72575816233459,139.13597106933594,139.73,100.0,0.5940289306640523
2022-01-18,135.8386436063798,136.79277820020985,135.10396681862525,140.05060092167955,135.66207885742188,136.41,100.0,0.7479211425781216
2022-01-19,136.18626757303153,137.6187250917489,134.68199691465517,139.34822018029934,134.78274536132812,136.45,100.0,1.6672546386718636
2022-01-20,135.91346260605008,137.28607094971142,132.63607060413366,138.4988875839938,132.9782257080078,134.69,100.0,1.7117742919921852
2022-01-21,132.2659922715256,134.53236824570237,129.76518093092588,137.36963934037274,130.02952575683594,132.37,100.0,2.340474243164067
2022-01-24,125.6668275936693,130.8789277836126,124.19248146166329,136.45114226230743,130.4809112548828,128.83,100.0,1.6509112548828
2022-01-25,128.4220094099645,129.0793782281074,126.18803917051842,135.1405179554581,126.6214599609375,127.65,100.0,1.0285400390625057
2022-01-26,130.79513088288968,132.671481403554,126.82794933742237,134.31028727363662,128.91378784179688,129.39,100.0,0.47621215820311136
2022-01-27,130.97967291895176,132.3248375460673,128.6140249282115,133.56042971592777,128.6863555908203,130.46,100.0,1.7736444091796955
2022-01-28,129.3387395840414,133.02711652117944,128.16764337586022,133.48858864768428,133.02162170410156,131.47,100.0,1.5516217041015636
2022-01-31,133.83060891356843,135.1383752388285,131.88293239393397,133.686014702342,134.9692840576172,133.54,100.0,1.4292840576171955
2022-02-01,137.25463886550247,137.4526501529113,134.03660916508844,134.16841489046723,137.30401611328125,135.08,100.0,2.2240161132812375
2022-02-02,150.87641780440873,151.17217900606056,145.16307122582677,135.9638855971289,147.6344451904297,146.42,100.0,1.2144451904297
2022-02-03,145.3456056040427,149.30529843013423,142.31310602979673,136.8669084517565,142.73655700683594,145.81,100.0,3.0734429931640648
2022-02-04,143.09018668724192,144.51714948593576,140.167918355893,137.67652817772023,142.93905639648438,141.96,100.0,0.979056396484367
2022-02-07,143.89370269275128,143.89370269275128,138.55691109716247,137.8339481186075,138.857177734375,139.8,100.0,0.9428222656250114
2022-02-08,138.68311000781088,139.65420096406902,136.67558391317237,137.99671336945983,139.0546875,138.1,100.0,0.9546875000000057
2022-02-09,140.6153067175448,142.17245551516763,139.8407202464863,138.42945139155267,141.24224853515625,141.39,100.0,0.14775146484373636
2022-02-10,139.35842284632204,141.1350141966298,137.616231177743,138.40920292476233,138.277587890625,139.55,100.0,1.2724121093750114
2022-02-11,138.25766148758473,138.81277498879982,133.07049340828405,137.81475199117423,133.95082092285156,134.84,100.0,0.8891790771484409
2022-02-14,132.92735856454615,135.9633439630755,132.92735856454615,137.46495221396557,135.19125366210938,135.56,100.0,0.3687463378906273
2022-02-15,137.2306865585733,137.7673672795026,135.48601377731583,137.30576823712954,136.2710723876953,136.57,100.0,0.2989276123046807
2022-02-16,136.30898567193515,137.7449290414842,134.5907365574129,137.31803868962683,137.39779663085938,136.33,100.0,1.0677966308593625
2022-02-17,135.9064698621699,136.7748183483997,132.15127248732097,136.6371834170776,132.2116241455078,133.89,100.0,1.6783758544921739
2022-02-18,133.13732933674103,133.7388519708991,129.87491495904254,135.7630125747485,130.08090209960938,131.38,100.0,1.2990979003906205
2022-02-22,129.51728875031762,131.8540013982756,127.90677472684717,134.9269920830112,129.49285888671875,130.39,100.0,0.8971411132812364
2022-02-23,131.32332153694335,131.72482369296026,127.21249837809478,133.90643981015918,127.2728500366211,128.74,100.0,1.4671499633789153
2022-02-24,124.64485236664633,132.67147793874383,124.64485236664633,133.70067923195566,132.3632354736328,130.92,100.0,1.443235473632825
2022-02-25,133.22213588705534,134.9373865034505,131.42607644706214,133.75757475167927,134.1273956298828,133.36,100.0,0.7673956298827989
2022-02-28,132.72137265765548,135.4161923444374,132.2649984100417,133.8863540100491,134.72341918945312,134.64,100.0,0.08341918945313864
2022-03-01,134.54532994167553,135.9189275083338,132.889441887431,133.86555303266755,133.7303466796875,134.52,100.0,0.7896533203125102
2022-03-02,134.29546895491097,134.92839270144097,132.7428102898086,133.91535999159314,134.23910522460938,133.84,100.0,0.3991052246093716
2022-03-03,135.6740473073485,136.10249081808934,132.6969219999442,133.86914817435468,133.5687713623047,133.89,100.0,0.32122863769529886
2022-03-04,132.5991625802976,133.52087619869235,130.0155485455736,133.56401818014385,131.58067321777344,131.56,100.0,0.020673217773435226
2022-03-07,131.16322936607494,131.4096133059297,125.9830477470699,132.56432845143715,126.06634521484375,127.57,100.0,1.5036547851562432
2022-03-08,125.9381610394721,130.9258109816294,125.36408204405461,131.79449135550334,126.7905502319336,129.51,100.0,2.719449768066397
2022-03-09,130.92581577396498,133.4051807911038,129.57964644815755,131.96728638831124,133.0904541015625,131.97,100.0,1.1204541015625011
2022-03-10,130.9417776641531,132.94281952935276,130.58915044861223,131.98530176765618,132.10240173339844,132.45,100.0,0.34759826660155113
2022-03-11,133.15877274975392,133.46502126606316,129.31130505768056,131.6605566166041,129.54971313476562,130.59,100.0,1.0402868652343784
2022-03-14,129.92827747443172,130.08688132877063,124.96556743849715,130.85780141147356,125.639892578125,126.43,100.0,0.7901074218750068
2022-03-15,126.66234901034531,129.53374820073225,125.40994948380019,130.59394261976146,128.8788604736328,128.14,100.0,0.7388604736328261
2022-03-16,130.41008576723095,133.0036545266294,128.41651751798682,130.90825612983494,132.9512939453125,131.0,100.0,1.9512939453125
2022-03-17,132.82010953257793,133.74931191384186,131.85848621216724,131.25494299156009,133.50840759277344,133.01,100.0,0.4984075927734466
2022-03-18,133.09494352354858,135.9074831867524,131.93182315617068,131.859520742425,135.78927612304688,134.46,100.0,1.329276123046867
2022-03-21,135.82716314794388,136.71147853602716,133.76127953667321,132.38029395333083,135.76531982421875,135.04,100.0,0.725319824218758
2022-03-22,135.7653304715916,140.701609249237,135.7653304715916,133.33259102257423,139.52252197265625,139.52,100.0,0.002521972656239768
2022-03-23,138.35989192260297,139.2437050070688,137.49454203061896,133.94610484651747,137.93394470214844,138.52,100.0,0.5860552978515727
2022-03-24,138.85617018935267,141.26920154325543,137.4102570586747,134.91626694120058,141.22232055664062,139.64,100.0,1.5823205566406386
2022-03-25,141.56545507533306,141.6841644223824,139.3923388452735,135.77050589331134,141.32305908203125,140.1,100.0,1.2230590820312557
2022-03-28,140.55247255673348,141.6517556041617,139.46615788632036,136.48191972342192,141.10610961914062,140.7,100.0,0.40610961914063637
2022-03-29,142.2951661931315,143.43833166705693,141.68766166081218,137.23813088269483,142.15350341796875,142.83,100.0,0.6764965820312625
2022-03-30,142.10811736541118,142.36797195809785,141.25024103584147,137.81810088284072,141.58790588378906,141.84,100.0,0.2520941162109409
2022-03-31,141.70211356163978,141.75698562300337,138.6811059668709,137.93888730158696,138.7239990234375,139.57,100.0,0.8460009765624932
2022-04-01,139.15543060171677,140.12402526028086,137.96587124356319,138.18761183325037,139.8043212890625,139.22,100.0,0.5843212890625011
2022-04-04,140.01181010298123,143.3570270930109,139.9639245261384,138.77837654454618,142.61834716796875,142.66,100.0,0.04165283203124659
2022-04-05,142.51611711887907,142.63730751613483,140.03576278770487,138.97375885813796,140.24374389648438,140.87,100.0,0.6262561035156295
2022-04-06,138.40728068871726,139.0162768638866,135.18226465266318,138.60535419397996,136.21072387695312,136.62,100.0,0.40927612304687955
2022-04-07,135.67403156725257,136.82569026942878,133.89593336378425,138.19835245965243,135.55284118652344,135.5,100.0,0.0528411865234375
2022-04-08,135.24860130549627,135.3348897182991,132.63707160893242,137.49967646112586,132.95828247070312,133.64,100.0,0.6817175292968614
2022-04-11,131.49788450316186,131.76621724588077,128.3506788828191,136.3004255729497,128.5052947998047,129.66,100.0,1.154705200195309
2022-04-12,131.2749485354649,131.2749485354649,126.47582728125498,135.11357419284548,127.39904022216797,127.89,100.0,0.4909597778320318
2022-04-13,127.68383173770398,130.0120662417398,127.42546880550883,134.37485105176816,129.57315063476562,129.67,100.0,0.0968493652343625
2022-04-14,130.1572196447404,130.1572196447404,126.28829014337893,133.31380116869386,126.41697692871094,127.5,100.0,1.0830230712890625
2022-04-18,126.686302339542,127.89580130296615,125.87032205738544,132.52011164763363,127.36112976074219,127.41,100.0,0.04887023925780909
2022-04-19,127.37610080577788,130.01107108546017,126.68580870088759,132.14248095724602,129.68788146972656,129.17,100.0,0.517881469726575
2022-04-20,130.56868469194953,131.0744361366406,127.18506490527193,131.55331341164447,127.72372436523438,128.59,100.0,0.8662756347656284
2022-04-21,128.93074005210124,129.7771396699382,124.2189044469113,130.61369763253978,124.50619506835938,126.14,100.0,1.6338049316406256
2022-04-22,124.69124788021885,125.09225535959241,118.63125627746012,129.1105374599199,119.33999633789062,120.59,100.0,1.2500036621093784
2022-04-25,118.80681802321963,122.97300046991118,118.21827897844696,128.26513303492536,122.77000427246094,121.89,100.0,0.8800042724609369
2022-04-26,121.99243233477233,122.20739992359297,118.21827698747926,126.94403977610197,118.35693359375,119.6,100.0,1.2430664062499943
2022-04-27,114.18675495143778,116.95240588881619,112.45804141370165,125.2197933756165,114.01219177246094,115.41,100.0,1.397808227539059
2022-04-28,116.12745139003191,119.35395912829553,113.8331294341893,124.2877867865369,118.22974395751953,117.13,100.0,1.0997439575195358
2022-04-29,116.44616054605368,117.62873343344762,113.53337483053049,122.89310112808458,113.82764434814453,115.46,100.0,1.6323556518554625
2022-05-02,113.12488468070968,116.45713341343229,112.32187275291827,122.01335915312903,116.29503631591797,115.42,100.0,0.875036315917967
2022-05-03,116.14291008100328,118.14944674176046,115.74789210715919,121.3508021758759,117.04418182373047,117.72,100.0,0.6758181762695301
2022-05-04,116.74243202665109,122.55104717212272,114.83165889874446,121.43189720476953,121.95901489257812,119.77,100.0,2.189014892578129
2022-05-05,119.90709380483327,120.74003040899048,114.72143271965406,120.7366745989513,116.21772766113281,116.69,100.0,0.4722723388671852
2022-05-06,114.89998589748541,117.2810908346368,113.73387470786565,120.03319720939061,115.4605941772461,116.12,100.0,0.6594058227539108
2022-05-09,112.97026630832136,114.79275698884499,111.72385617292981,118.99318334970103,112.23309326171875,113.76,100.0,1.5269067382812551
2022-05-10,115.22218949210371,115.96285577859543,112.62162668011398,118.3424168213685,114.11243438720703,114.07,100.0,0.04243438720703807
2022-05-11,112.95680612368578,116.07707822827642,112.95680612368578,117.67301450039437,113.3218994140625,115.62,100.0,2.2981005859375045
2022-05-12,111.10240002415632,114.01268953760933,109.553234533623,116.99198284695636,112.56527709960938,112.4,100.0,0.16527709960936932
2022-05-13,114.25010136912303,117.58384951230268,113.3243997333304,116.82823246475802,115.76385498046875,116.25,100.0,0.48614501953125
2022-05-16,114.67155246225916,115.88305301851197,113.60819125361301,116.47277685194393,114.16231536865234,115.05,100.0,0.8876846313476534
2022-05-17,116.55189528688457,116.611249961406,114.58626542775282,116.43444696960141,116.185302734375,115.33,100.0,0.8553027343750017
2022-05-18,114.71595173101103,115.11496525914194,111.27995581933067,115.79293509500873,111.62310791015625,112.59,100.0,0.9668920898437534
2022-05-19,111.15626426679627,112.73086416943651,109.7282968253525,115.03539055076538,110.1113510131836,111.55,100.0,1.4386489868164034
2022-05-20,111.6744674685839,111.90639895689719,105.53517438062487,114.18253643468677,108.63898468017578,107.3,100.0,1.338984680175784
2022-05-23,109.31681288914686,111.87048707838257,108.47239960111825,113.78654703896812,111.21261596679688,110.88,100.0,0.33261596679687955
2022-05-24,105.51074296771225,106.19554783887534,101.63284064981113,112.70944102752237,105.708251953125,103.4,100.0,2.3082519531249943
2022-05-25,104.72617583647657,106.23693839800238,103.59996672830219,111.75400294325377,105.54365539550781,105.4,100.0,0.14365539550780682
2022-05-26,105.41597669261152,108.38113057389347,104.96508967531338,111.19030291703086,107.52625274658203,107.62,100.0,0.0937472534179733
2022-05-27,109.2125729204396,112.04056940765082,108.86891855666666,111.30347187867936,112.03907012939453,111.3,100.0,0.7390701293945341
2022-05-31,112.4680082245057,115.44912896585096,111.8016589508632,111.59380933587107,113.48100280761719,114.32,100.0,0.8389971923828057
2022-06-01,114.57130602396744,116.81225517446956,112.97026710182949,111.86272537461691,113.61067962646484,115.1,100.0,1.4893203735351506
2022-06-02,113.71842021828348,117.60828645156494,112.66752504017985,112.5919580199805,117.33197021484375,115.89,100.0,1.4419702148437494
2022-06-03,115.77582099784335,116.03418393643106,113.23810605783937,112.8141075544909,114.2580795288086,114.15,100.0,0.10807952880858807
2022-06-06,116.41623349731537,119.0522082428135,115.8770717199923,113.30982013446504,116.53195190429688,118.06,100.0,1.5280480957031273
2022-06-07,115.1952616592286,117.40030432741986,114.76782273601845,113.78319584179678,116.86013793945312,116.68,100.0,0.18013793945311818
2022-06-08,116.47309131162227,118.27762872284161,116.31199119808555,114.19937316380201,116.90452575683594,117.87,100.0,0.965474243164067
2022-06-09,116.04016850257113,118.0068030653161,114.4925023167545,114.24637100791227,114.5518569946289,116.45,100.0,1.8981430053710966
2022-06-10,112.16725510629416,112.99919472064484,110.09338796236985,113.79844483934428,110.88692474365234,111.45,100.0,0.5630752563476591
2022-06-13,106.52273133717125,108.52277615286216,105.85688435554349,112.77594650562182,106.12970733642578,107.89,100.0,1.7602926635742193
2022-06-14,106.27185392074003,107.65791760757764,105.53866881903701,111.9327408777889,106.451904296875,107.14,100.0,0.6880957031250006
2022-06-15,108.27688463659578,111.1482764331199,107.40355126043116,111.60749245215662,109.49337768554688,110.01,100.0,0.5166223144531301
2022-06-16,106.95615798606032,108.38012983939187,104.87830294577738,110.82937228340553,105.77159118652344,106.71,100.0,0.9384088134765562
2022-06-17,105.77159397672357,108.43100922276528,104.78653009427185,110.30263635818324,106.87885284423828,107.29,100.0,0.411147155761725
2022-06-21,108.66043441607472,112.21164617907712,108.33175000547556,110.43141529623276,111.26847839355469,111.26,100.0,0.008478393554682384
2022-06-22,110.28341994370285,113.06652172461918,110.10984614535627,110.53550926422203,111.21212005615234,112.42,100.0,1.207879943847658
2022-06-23,111.95428008120577,112.46401946307869,110.22756056649592,110.72607498862783,111.96475219726562,111.2,100.0,0.7647521972656222
2022-06-24,112.71589888535458,117.78734076089081,112.67350051404642,111.65374415681079,117.68359375,116.53,100.0,1.1535937499999989
2022-06-27,117.98085932319317,118.28659792211728,114.89499465829495,112.17289642516049,115.5473861694336,115.86,100.0,0.3126138305664057
2022-06-28,115.51645927401269,117.01974067529791,111.5717288130113,112.11395489659742,111.7308349609375,113.62,100.0,1.8891650390625045
2022-06-29,111.27646179831439,112.88098633206975,110.59863582051064,112.02217297906934,111.42559051513672,112.2,100.0,0.7744094848632841
2022-06-30,109.72829641903044,110.61410351719744,106.48632402483182,111.5783972866127,108.69385528564453,108.12,100.0,0.5738552856445267
2022-07-01,107.6664006044347,108.98014891062178,106.46687142778647,111.16380002795496,108.46891784667969,108.04,100.0,0.42891784667968125
2022-07-05,106.83596126188128,113.09695505454636,105.47033943623704,111.40639178692295,112.98323822021484,110.59,100.0,2.3932382202148403
2022-07-06,113.02213421626752,115.30398233108355,111.20064060794057,111.79073872672646,114.28899383544922,113.44,100.0,0.848993835449221
2022-07-07,114.79575229548895,118.89509883908039,114.54986304204157,112.68392038119678,118.4896011352539,117.74,100.0,0.7496011352539114
2022-07-08,116.96038828739786,119.38937131453638,116.61274598981464,113.5338900546544,119.0586929321289,118.61,100.0,0.4486929321289068
2022-07-11,117.70654616433058,117.70654616433058,115.0456315377857,113.78147505908589,115.39077758789062,115.77,100.0,0.379222412109371
2022-07-12,115.92793667037117,116.68506456294445,113.40917969623979,113.77579319573903,113.73886108398438,114.69,100.0,0.9511389160156227
2022-07-13,111.42508311530511,113.91392294103018,110.92682046446735,113.41614682758319,111.07844543457031,113.15,100.0,2.071554565429693
2022-07-14,109.9382768916423,110.81859676584635,108.10531409109011,112.97331215454345,110.09488677978516,109.49,100.0,0.6048867797851614
2022-07-15,111.72386017873656,112.86104374833894,110.62607642535822,112.77705770841682,111.50140380859375,111.99,100.0,0.4885961914062449
2022-07-18,112.36177249521333,113.39920455219571,108.10232297494244,112.24154185152635,108.76068878173828,109.98,100.0,1.2193112182617227
2022-07-19,110.57619705237775,113.73836527078154,109.28938246151964,112.41318758968221,113.52888488769531,112.14,100.0,1.388884887695312
2022-07-20,112.89045977929425,115.11495486055938,112.20216930625698,112.57391724081052,113.61865997314453,114.21,100.0,0.5913400268554625
2022-07-21,113.99772204920369,114.26705939898389,110.8355539181223,112.77173779685349,114.05757141113281,111.93,100.0,2.1275714111328057
2022-07-22,110.72582523143262,112.06251172080232,106.23694042475292,112.08663727550218,107.63348388671875,108.42,100.0,0.7865161132812517
2022-07-25,108.14222426738789,109.59861706408333,106.03743548866824,111.44101174553938,107.24444580078125,107.89,100.0,0.6455541992187506
2022-07-26,106.33669645519957,106.93521293296187,103.81294677342609,110.55028981000132,104.7605972290039,105.17,100.0,0.40940277099609546
2022-07-27,108.99012204187899,113.62863772823746,107.74320963213475,110.84768199549073,112.78073120117188,111.62,100.0,1.1607312011718705
2022-07-28,112.09244492686246,114.05757256540163,111.18468900548653,111.2597075748029,113.93787384033203,113.03,100.0,0.9078738403320301
2022-07-29,112.80068939554458,116.42172040066639,112.78073453449123,111.89610447498544,116.03268432617188,115.62,100.0,0.41268432617187045
2022-08-01,115.01520191263026,116.43169256132083,114.0575664997036,112.25346205377645,114.57628631591797,115.48,100.0,0.9037136840820352
2022-08-02,113.718413109756,116.06260694561038,113.43910594436733,112.59908300682761,114.84561920166016,115.43,100.0,0.5843807983398506
2022-08-03,115.42418899856571,118.32700479097292,115.19476137317137,113.29098363358652,117.78833770751953,117.54,100.0,0.248337707519525
2022-08-04,117.1898259134198,118.48661032678187,116.60127926515062,113.90526198764998,117.8980712890625,117.85,100.0,0.048071289062505684
2022-08-05,115.94291267568865,117.81826629427366,115.7134774321382,114.34187341826801,117.17984771728516,117.35,100.0,0.17015228271483807
2022-08-08,118.09757318522064,119.85322807297459,116.59130079133034,114.6976595178375,117.01026916503906,118.34,100.0,1.329730834960941
2022-08-09,116.85066136658116,117.03021706758483,115.42419318931593,114.9168941081675,116.3419189453125,116.09,100.0,0.2519189453124966
2022-08-10,118.48660927105348,120.62132280975881,118.1175280508739,115.51521956334152,119.40433502197266,119.93,100.0,0.5256649780273506
2022-08-11,120.98043089212605,121.18991126796847,118.2671482155109,115.91938433933609,118.54645538330078,119.12,100.0,0.5735446166992233
2022-08-12,119.96295719583921,121.37944793701172,119.16493016981399,116.64739281902618,121.37944793701172,120.55,100.0,0.8294479370117216
2022-08-15,120.83079962651435,121.9979154474228,120.31208740320466,117.33153479536956,121.77845764160156,121.46,100.0,0.31845764160156875
2022-08-16,121.21983547992453,122.12759138228056,120.3420118687584,117.8739156458958,121.3993911743164,121.38,100.0,0.019391174316410797
2022-08-17,119.82329909763791,120.99040730056552,119.08512146265767,118.05802120463314,119.25470733642578,120.33,100.0,1.075292663574217
2022-08-18,119.13499893370856,120.52156491696634,118.426753602088,118.3000409033904,119.8731689453125,119.84,100.0,0.03316894531249659
2022-08-19,118.7659153659525,118.85569702041563,116.4716010095286,118.11610030963105,116.92048645019531,117.29,100.0,0.36951354980469375
2022-08-22,114.91544489721609,115.34438307155835,113.56878101376226,117.56166254536514,113.95781707763672,114.54,100.0,0.5821829223632875
2022-08-23,113.19969960680768,114.72591917934707,113.14982006617527,117.03060863794926,113.5787582397461,114.67,100.0,1.091241760253908
2022-08-24,113.21965418288643,114.49649135598342,112.59121302721991,116.54775246180863,113.40918731689453,114.03,100.0,0.6208126831054699
2022-08-25,113.95781898724915,116.43169660386314,113.8281428339678,116.52296810850237,116.36186981201172,115.99,100.0,0.37186981201172387
2022-08-26,114.43663754655094,114.83565105028173,109.91782807238262,115.66223255764216,110.06745147705078,111.45,100.0,1.3825485229492216
2022-08-29,109.7183186429074,110.67594649537385,108.53126316055872,114.79389846564663,109.14972686767578,109.91,100.0,0.7602731323242153
2022-08-30,109.89787897156961,110.22706570019267,107.53373772730389,113.97750151365156,108.6709213256836,108.67,100.0,0.0009213256835920447
2022-08-31,110.37669595689607,110.57619891255823,107.86291609647333,113.17419434568552,107.95269775390625,108.9,100.0,0.9473022460937557
2022-09-01,108.01254783927112,110.17718612590501,107.09482206022128,112.68016053090922,109.46894073486328,109.25,100.0,0.21894073486328125
2022-09-02,110.31683282004076,110.46646383370475,106.99506389155782,112.00061951415778,107.58360290527344,108.12,100.0,0.536397094726567
2022-09-06,107.03496825800863,107.76316087034189,105.51871844973587,111.27335999169716,106.54617309570312,106.77,100.0,0.22382690429687102
2022-09-07,106.7955533951338,109.708346616337,106.63595256154088,110.99419857320785,109.17964935302734,109.15,100.0,0.029649353027338066
2022-09-08,107.77314051619533,109.32928485775913,106.8953168690016,110.60994503786087,108.11229705810547,108.56,100.0,0.4477029418945335
2022-09-09,108.80059453184666,110.71585026546539,108.75071498866448,110.57884486289089,110.37669372558594,110.47,100.0,0.09330627441406136
2022-09-12,110.71584253028003,111.34429124404963,109.65846326153013,110.5798210654169,110.58616638183594,110.62,100.0,0.03383361816406705
2022-09-13,107.53373211339054,108.03249709052028,103.83288928580428,109.71082152655141,104.06232452392578,105.29,100.0,1.227675476074225
2022-09-14,104.31170817277993,105.01995353491621,103.40395986179244,109.04813150465185,104.74064636230469,104.53,100.0,0.21064636230468636
2022-09-15,103.7730361323153,105.00997109944863,102.09718556596883,108.19582163671389,102.65580749511719,103.73,100.0,1.0741925048828165
2022-09-16,101.81788133339226,102.87526064129146,100.69067523366104,107.44252295754788,102.54608154296875,102.13,100.0,0.41608154296875455
2022-09-19,101.49866763175879,103.07476670505403,101.29916469537551,106.82557413645036,102.8154067993164,102.91,100.0,0.09459320068359034
2022-09-20,101.82785542000383,102.1171400082512,100.27170357941284,106.03418756702,100.89017486572266,101.21,100.0,0.3198251342773375
2022-09-21,101.4188708136044,102.62588117106297,99.02479734956145,105.10093252878713,99.03477478027344,100.75,100.0,1.7152252197265625
2022-09-22,98.57590758362844,100.98992819272785,98.54598290335397,104.40649443022228,99.89264678955078,100.72,100.0,0.8273532104492176
2022-09-23,99.38390239222579,99.41383468244702,97.22924173980304,103.61844202344524,98.49610137939453,98.1,100.0,0.39610137939453693
2022-09-26,97.85768633065342,99.63328841957018,97.55843191272392,102.85965150332703,97.9275131225586,99.31,100.0,1.3824868774414085
2022-09-27,99.18440364820954,99.75299541766827,96.6307294008931,102.11292070718031,97.25917053222656,97.91,100.0,0.6508294677734341
2022-09-28,97.40880581644096,100.45126774368714,96.87013870431231,101.80491519068909,99.8028793334961,99.54,100.0,0.2628793334960875
2022-09-29,98.39635483668151,98.39635483668151,95.72297423426674,101.1881754406545,97.17936706542969,96.62,100.0,0.559367065429683
2022-09-30,96.81028552962688,98.65571443098942,95.32396041166685,100.41825099062453,95.41374206542969,97.31,100.0,1.8962579345703148
2022-10-03,96.52100108972407,99.04475067159885,96.28158841965599,100.14866481524699,98.39635467529297,98.5,100.0,0.10364532470703125
2022-10-04,100.19191360171999,101.58844948493372,100.132056627761,100.31403571097447,101.38894653320312,101.42,100.0,0.031053466796876705
2022-10-05,99.58341980053694,101.67823123791221,98.55596513809644,100.42942644918568,101.1794662475586,100.55,100.0,0.6294662475585966
2022-10-06,100.43131695800189,102.67575937427677,100.34153530386507,100.52810118922916,101.16948699951172,102.23,100.0,1.0605130004882852
2022-10-07,99.60336463122715,100.28168530604742,98.05719776503139,100.24918855182413,98.4362564086914,99.15,100.0,0.7137435913085994
2022-10-10,98.75546200248138,98.85521347229322,96.77037959419339,99.89840054536998,97.61827850341797,97.55,100.0,0.06827850341797159
2022-10-11,97.18933914178484,99.0048432680721,96.07210290616605,99.50394136132586,96.93995666503906,97.93,100.0,0.9900433349609443
2022-10-12,97.05966320614179,98.50607853021384,96.50104128183494,99.2126179135397,97.31901550292969,97.98,100.0,0.6609844970703165
2022-10-13,94.91497706661119,99.5335380343387,94.14687473671322,99.15964422461202,98.81531524658203,97.96,100.0,0.8553152465820375
2022-10-14,99.74301538473321,100.44129090076761,96.13196191558295,98.78122331823147,96.32148742675781,97.59,100.0,1.268512573242191
2022-10-17,98.61581695175937,100.6807037587053,98.58589226928261,98.90680365802716,99.72307586669922,100.34,100.0,0.6169241333007847
2022-10-18,102.87526669700702,103.21443085626274,99.72307583804479,99.12204254040739,100.5210952758789,100.76,100.0,0.23890472412109887
2022-10-19,99.76297740345998,100.77047722358638,98.67566574627368,99.15695835272807,99.3839111328125,99.87,100.0,0.48608886718750455
2022-10-20,99.75300054917598,102.06726985749486,99.144506636982,99.23244068792421,99.72307586669922,101.17,100.0,1.446924133300783
2022-10-21,97.60830615924132,101.05975894630726,97.47863000278397,99.45214236247702,100.88020324707031,100.28,100.0,0.6002032470703114
2022-10-24,101.54855422200212,102.49620465144524,99.73304997688027,99.82742596870403,102.26676940917969,101.0,100.0,1.2667694091796875
2022-10-25,102.64583232612523,104.56108798398314,102.4662766325417,100.41336003387943,104.22193145751953,104.07,100.0,0.15193145751953807
2022-10-26,96.19181341921691,98.0671669861267,94.45611343651588,99.65098116184915,94.69551849365234,96.51,100.0,1.8144815063476614
2022-10-27,94.28653245623349,95.19428841126992,91.57325724319975,98.62981274261301,91.99221801757812,93.16,100.0,1.1677819824218716
2022-10-28,92.04208741048882,96.31152209476794,91.90243382288456,98.28612599965263,96.05216217041016,95.4,100.0,0.6521621704101506
2022-10-31,95.18430622146604,95.79280010121002,93.74786826533482,97.75151692268071,94.27655792236328,94.82,100.0,0.5434420776367119
2022-11-01,95.2142311693344,95.7928003698198,90.1467847814835,96.75085283364099,90.24653625488281,91.88,100.0,1.633463745117183
2022-11-02,90.71537545021565,90.95478050557763,86.66539870653254,95.41809650367375,86.75518035888672,88.05,100.0,1.2948196411132784
2022-11-03,86.10679152467297,86.30629448561764,83.13414869907653,93.79220768436882,83.22393035888672,84.36,100.0,1.1360696411132807
2022-11-04,85.18905666329772,86.4259916327546,83.50322866365252,92.80206562951287,86.36614227294922,85.2,100.0,1.166142272949216
2022-11-07,87.06441301093922,88.68041427331241,86.63547482706824,92.19797999089032,88.27142333984375,88.28,100.0,0.008576660156251137
2022-11-08,88.68041229248047,90.09690296644273,87.37364290910457,91.72897096443567,88.68041229248047,88.99,100.0,0.30958770751952613
2022-11-09,88.23152283818662,89.21908298848429,87.06441459934358,91.11235039736769,87.10431671142578,88.35,100.0,1.245683288574213
2022-11-10,92.02213405545922,94.15684745072024,91.38371552288858,91.45843194920305,93.70796203613281,93.27,100.0,0.4379620361328165
2022-11-11,94.45611461683028,96.69057960264117,93.68801228353458,92.08689000539003,96.17186737060547,95.62,100.0,0.5518673706054642
2022-11-14,94.85511394405177,96.55091932976389,94.27655238969147,92.53711904308282,95.46360778808594,95.79,100.0,0.32639221191406875
2022-11-15,98.01729032148216,99.89264379782728,96.47111592884687,93.29174930511188,98.19684600830078,98.23,100.0,0.03315399169922273
2022-11-16,97.65818454376236,99.39388454210034,97.39882462337404,94.00029405922196,98.6058349609375,98.84,100.0,0.2341650390625034
2022-11-17,96.73047657565897,99.03476823203235,96.55092088746434,94.54919385685956,98.1170425415039,98.42,100.0,0.30295745849609546
2022-11-18,98.52603283440563,98.6557166026344,96.13196696942524,94.90121418440849,97.18934631347656,96.87,100.0,0.31934631347655795
2022-11-21,97.0496891240077,98.15694797022367,95.12445602847941,94.96290043768528,95.36386108398438,96.5,100.0,1.136138916015625
2022-11-22,95.71299841059277,96.97986574543042,93.81769753953135,95.20921870940538,96.81028747558594,95.35,100.0,1.4602874755859432
2022-11-23,96.85017811885115,98.5160589009025,96.85017811885115,95.61022913148466,98.216796875,98.27,100.0,0.05320312499999602
2022-11-25,97.99734094842351,98.39635445375566,97.15941943672067,95.82476775379712,97.21926879882812,97.82,100.0,0.6007312011718682
2022-11-28,96.80031196696756,97.33897907941945,95.37384376470145,95.82316663987937,95.81275939941406,96.29,100.0,0.47724060058594375
2022-11-29,95.4935468548643,95.88258293219423,93.87754557249795,95.70739505599441,94.95487976074219,94.76,100.0,0.19487976074218238
2022-11-30,94.58579639921714,100.79043435489963,94.1867828682329,96.37848302313786,100.74055480957031,98.97,100.0,1.7705548095703136
2022-12-01,100.77047949254786,101.9974447684782,100.00238472410699,96.9600925946622,100.74055480957031,101.19,100.0,0.4494451904296852
2022-12-02,98.80534377977726,100.52108888681634,98.65571276639696,97.39100155404579,100.19190979003906,100.14,100.0,0.05190979003906193
2022-12-05,99.15447922419281,101.1295842766726,98.75546571937834,97.63677247314176,99.23428344726562,100.46,100.0,1.2257165527343687
2022-12-06,99.0547247526628,99.53353485550898,96.1818336933884,97.51726356038172,96.7404556274414,97.33,100.0,0.589544372558592
2022-12-07,96.17186026705896,96.64069292210333,94.48603231900145,97.14236043397145,94.70549011230469,95.46,100.0,0.7545098876953062
2022-12-08,95.14440407701046,95.34391463372982,93.21917096532869,96.65384982728047,93.47853088378906,94.07,100.0,0.5914691162109307
2022-12-09,93.53838099498287,94.02717615494946,92.52090378448534,96.11343091801807,92.6007080078125,93.42,100.0,0.8192919921875017
2022-12-12,92.48099712538031,93.32889602752728,91.38371574551076,95.70890860225629,93.07951354980469,92.57,100.0,0.5095135498046943
2022-12-13,97.51853497034058,99.28415972241173,94.79527472059871,95.66689294845285,95.39379119873047,96.8,100.0,1.4062088012695284
2022-12-14,94.96485071769276,96.63073156245,93.36880427741761,95.55599716339871,94.83517456054688,95.15,100.0,0.3148254394531307
2022-12-15,92.89996404051196,93.40870645985801,89.78767538227673,94.89994078705493,90.63557434082031,91.1,100.0,0.4644256591796818
2022-12-16,90.53582094729215,91.10441271785159,89.29887832212286,94.25155614467938,90.03705596923828,90.33,100.0,0.29294403076171704
2022-12-19,90.03705416714982,90.33630858166282,87.99211475383851,93.4475553237612,88.22154998779297,88.98,100.0,0.7584500122070352
2022-12-20,87.8923691476949,88.95972594617348,87.22402587241064,92.82789694628313,88.80011749267578,88.53,100.0,0.2701174926757801
2022-12-21,88.8599691593014,89.99715268560963,88.10184427157941,92.36534190422664,89.35873413085938,89.43,100.0,0.07126586914063182
2022-12-22,87.94224164061445,88.32130027145269,86.1067826253124,91.72239340358496,87.54322814941406,87.12,100.0,0.42322814941405795
2022-12-23,86.89483161600863,89.32880704710799,86.85492950609151,91.36068732021634,89.00959777832031,88.98,100.0,0.02959777832030852
2022-12-27,88.58066179996933,88.72031538285742,86.7950822924152,90.8024811348776,87.17414093017578,87.58,100.0,0.40585906982421704
2022-12-28,86.76516111400794,87.8225404587112,85.72772902028692,90.136487068196,85.80752563476562,87.04,100.0,1.2324743652343813
2022-12-29,86.40604757010442,88.63053511114727,86.39607013958573,89.88249167329592,88.23152160644531,88.33,100.0,0.0984783935546858
2022-12-30,86.76515728072847,88.08189649332597,86.356166353439,89.63310207714292,88.01206970214844,87.72,100.0,0.29206970214843864
2023-01-03,89.36870450950636,90.82510493284589,88.30134776812021,89.53533804368011,88.89987182617188,89.81,100.0,0.9101281738281273
2023-01-04,90.1268317110053,90.42609374769818,87.05443756175067,89.31228524006964,87.86244201660156,88.12,100.0,0.25755798339844205
2023-01-05,87.25394306222772,87.35369453182307,85.68782139687804,88.8689239821489,85.98707580566406,86.38,100.0,0.39292419433593295
2023-01-06,86.5756230566105,87.47340151072878,84.6503899979927,88.63630211102645,87.12425994873047,85.99,100.0,1.1342599487304739
2023-01-09,88.14174592348802,89.82757395394927,87.64298095452783,88.52513940117083,87.80258178710938,89.21,100.0,1.4074182128906187
2023-01-10,85.7676311418658,88.4509816164218,85.61800012255902,88.48200069716054,88.20159912109375,87.88,100.0,0.32159912109375455
2023-01-11,88.95972125297116,91.37374190564412,88.79014298798866,88.85692562861986,91.29393768310547,90.79,100.0,0.5039376831054625
2023-01-12,91.25404116040104,91.64307722346993,89.5283110363511,89.12998882442628,90.90489959716797,90.35,100.0,0.5548995971679744
2023-01-13,90.62559635878686,91.96229047764201,89.90737356185569,89.49831880571371,91.89246368408203,91.23,100.0,0.6624636840820273
2023-01-17,91.83260121394689,92.0221343325007,89.82757157150087,89.7071438357201,91.06450653076172,90.56,100.0,0.5045065307617165
2023-01-18,91.91241285107544,92.57078629883817,90.41611786312365,89.86551607201211,90.89493560791016,91.38,100.0,0.4850643920898392
2023-01-19,90.49592086512057,93.3787818940751,90.40613920957176,90.25946960127769,92.8201675415039,92.72,100.0,0.10016754150390739
2023-01-20,94.86509231547652,98.0571925735019,94.78528809665231,91.26192402878962,97.77787780761719,97.22,100.0,0.5578778076171886
2023-01-23,97.70805893744247,99.79290056253096,97.25917348863791,92.36613656713851,99.54351806640625,98.93,100.0,0.6135180664062432
2023-01-24,97.85768506578894,99.36395739804479,96.95990660250567,93.04514123416327,97.45867156982422,98.33,100.0,0.8713284301757795
2023-01-25,95.33393620350435,95.9224828264675,93.52840944478845,93.30376270242066,94.98480224609375,94.52,100.0,0.464802246093754
2023-01-26,96.26163660688769,97.3289933094022,95.14440036450225,93.83380951136873,97.27911376953125,96.32,100.0,0.9591137695312568
2023-01-27,97.06964054781935,100.0722079380418,97.06964054781935,94.53924257586853,99.12455749511719,99.39,100.0,0.26544250488281307
2023-01-30,97.2392209697566,98.04721777805234,96.16188681832934,94.82741741829179,96.70055389404297,97.15,100.0,0.44944610595703693
2023-01-31,96.63072812203173,98.63575782379556,96.58084858076319,95.32987585757164,98.59585571289062,98.24,100.0,0.3558557128906301
2023-02-01,98.46618535426451,100.9400631020907,97.33897919443419,95.97681749941364,100.18193817138672,99.51,100.0,0.6719381713867136
2023-02-02,105.53867398440505,107.5836058587877,105.34914085452408,97.5097587599085,107.473876953125,106.88,100.0,0.5938769531250045
2023-02-03,102.67575794524832,107.54370135610853,102.32662398524135,98.44461583573579,104.52118682861328,105.99,100.0,1.4688131713867136
2023-02-06,102.14707088932026,104.10222872566105,101.62835104078205,99.004778507833,102.64583587646484,103.3,100.0,0.6541641235351534
2023-02-07,102.96504209136842,107.91278970293735,102.865290619026,100.12069105607246,107.3741226196289,106.57,100.0,0.8041226196289131
2023-02-08,101.79793816327326,102.8852421954594,97.79784078658287,99.98787324794509,99.12455749511719,99.59,100.0,0.4654425048828159
2023-02-09,99.75299424218015,99.78291892276488,93.39872576915546,99.29286640961232,94.77532196044922,94.95,100.0,0.1746780395507841
2023-02-10,95.2142341708163,96.5110261975354,94.01720123119082,98.63200562465879,94.33641052246094,95.55,100.0,1.2135894775390597
2023-02-13,94.50598841379015,94.96485129248725,93.60820990740459,98.0645798421522,94.37631225585938,94.5,100.0,0.123687744140625
2023-02-14,94.19675398577807,94.61571474048274,92.03211580925435,97.58212072647983,94.44613647460938,93.14,100.0,1.3061364746093744
2023-02-15,94.2566009980895,96.88010958594751,93.91744447479725,97.4645784821549,96.70055389404297,96.21,100.0,0.490553894042975
2023-02-16,95.13443241680784,97.43872412585787,94.50598368848553,97.17251281767227,95.27408599853516,96.6,100.0,1.325914001464838
2023-02-17,94.61571597292892,95.32396133716932,92.97976743373006,96.76510457381856,94.11695098876953,94.15,100.0,0.033049011230474434
2023-02-21,92.77028856632299,92.87004004267145,91.4934514037433,96.07152772374171,91.56327819824219,92.19,100.0,0.6267218017578102
2023-02-22,91.47349406289527,91.8824849985536,90.38619006223219,95.45180697808917,91.42362213134766,91.28,100.0,0.1436221313476551
2023-02-23,91.69295146015153,91.7129063211208,89.53829071899462,94.81363229116687,90.66549682617188,90.35,100.0,0.3154968261718807
2023-02-24,89.21908291055375,89.66796835262446,88.36120652790999,94.02646044498785,88.90984344482422,89.26,100.0,0.35015655517578637
2023-02-27,89.64801788330078,89.9373024773458,89.11932062556716,93.44266810342957,89.64801788330078,89.81,100.0,0.16198211669922102
2023-02-28,89.10935468087098,91.00466315947085,89.09937725014605,92.96198532993844,89.8375473022461,90.82,100.0,0.9824526977538994
2023-03-01,89.75775164718395,90.80515356800085,89.44851217580482,92.58529532631123,90.13681030273438,90.6,100.0,0.4631896972656193
2023-03-02,89.43854197551263,92.05206566158449,89.36870757053839,92.47695708065463,91.77275848388672,91.59,100.0,0.18275848388671534
2023-03-03,92.25157010690182,93.49848250361273,92.22163781651936,92.6025199077262,93.4186782836914,93.39,100.0,0.02867828369140568
2023-03-06,93.78776069975427,95.73294863020189,93.76781344978967,92.90818652419604,94.89501953125,95.39,100.0,0.49498046875000057
2023-03-07,94.74539481558745,95.43368528278278,93.29897187036684,93.00418279688135,93.62815856933594,94.29,100.0,0.6618414306640688
2023-03-08,93.88752050313293,95.72297193596525,93.76781417077669,93.13925131133362,94.01719665527344,95.34,100.0,1.322803344726566
2023-03-09,93.81769488461045,95.29403494937763,91.67300396902004,92.99961309937977,92.09196472167969,93.39,100.0,1.298035278320313
2023-03-10,91.9423325771728,92.56080387865333,90.1767079352042,92.65381609400674,90.40613555908203,91.26,100.0,0.8538644409179739
2023-03-13,89.86747152649194,92.34134920575096,89.19912827176843,92.41796812945428,90.88495635986328,91.42,100.0,0.5350436401367205
2023-03-14,92.33137124533236,94.12692822889186,92.21167252012818,92.59395799897756,93.7378921508789,93.78,100.0,0.04210784912109489
2023-03-15,92.98974341543936,96.69057862697129,92.41117421629755,93.03111084846284,95.87260437011719,95.41,100.0,0.4626043701171909
2023-03-16,95.96237844330373,100.9400583888323,95.26411052035863,93.96992334731364,100.07220458984375,99.13,100.0,0.9422045898437545
2023-03-17,100.01235433358673,102.58597580553153,99.85274588945553,94.95646632320567,101.3689956665039,101.83,100.0,0.46100433349609204
2023-03-20,99.87270450419149,101.49867563450904,99.623322008775,95.75826894170014,100.96998596191406,100.98,100.0,0.010014038085941479
2023-03-21,100.99990972270801,104.8403985949924,100.96998504121886,96.94527880220782,104.66084289550781,103.84,100.0,0.8208428955078091
2023-03-22,104.01244063265779,106.3267097253454,103.0747676900369,97.76786426855406,103.11466979980469,104.99,100.0,1.8753302001953074
2023-03-23,104.80049762953894,106.03744028865597,104.20198116155801,98.77737099726508,105.33916473388672,105.3,100.0,0.03916473388672159
2023-03-24,104.7306723642354,105.22943736326002,103.58351134436879,99.63099692158808,105.1795654296875,104.3,100.0,0.8795654296875028
2023-03-27,104.36158513402039,104.501238716872,101.67822715820813,99.97445290658727,102.20691680908203,102.47,100.0,0.2630831909179676
2023-03-28,102.18697752200057,102.1969473425887,99.49364190594498,100.0819200581048,100.78045654296875,100.26,100.0,0.5204565429687449
2023-03-29,102.02736559147331,102.23684597494105,100.40139445662388,100.22293931891217,101.13956451416016,101.11,100.0,0.02956451416015682
2023-03-30,100.66075533786022,100.91013783633608,99.53354157399741,100.27865413986711,100.64080047607422,100.21,100.0,0.430800476074225
2023-03-31,101.04978730954475,103.63338623542658,100.79042739074305,100.70467164127024,103.47378540039062,102.94,100.0,0.5337854003906273
2023-04-03,102.13709103688134,104.27180452240061,101.67822817285426,101.15767892341077,104.10222625732422,103.53,100.0,0.5722262573242176
2023-04-04,104.07230577032857,105.3192182588721,103.78302115972049,101.59816731467735,104.46134185791016,104.94,100.0,0.4786581420898415
2023-04-05,105.51871397242402,105.83792324316593,103.40395540771486,101.94667196731673,104.21195220947266,104.23,100.0,0.01804779052734773
2023-04-06,105.00000800675596,108.90034627779359,104.07230481933476,102.77407554387501,108.1521987915039,107.23,100.0,0.9221987915039023
2023-04-10,106.71576060832172,107.32424689441181,104.86035423669024,103.2278112721396,106.17709350585938,105.85,100.0,0.3270935058593807
2023-04-11,106.28681555048853,106.46637123971696,104.42143186853478,103.47607311391423,105.08977508544922,105.13,100.0,0.0402249145507767
2023-04-12,106.31674902278051,106.48632729592353,104.08227634746683,103.59680181754078,104.38153839111328,104.86,100.0,0.4784616088867182
2023-04-13,105.57856576338307,107.22449169532987,105.57856576338307,104.07251388639993,107.16464233398438,106.99,100.0,0.17464233398438012
2023-04-14,106.62597680823289,108.67091627031229,106.57609726601646,104.67632396521849,108.60108947753906,108.27,100.0,0.3310894775390665
2023-04-17,104.40149013009359,105.89778508246837,104.2618289328329,104.81391436360603,105.708251953125,105.65,100.0,0.058251953124994316
2023-04-18,106.22696484230975,106.27684438524938,103.81294413080715,104.73764342502105,104.24188232421875,104.58,100.0,0.3381176757812483
2023-04-19,103.32415202088075,104.72069544559817,102.81540962540561,104.62898009595574,103.92266845703125,104.24,100.0,0.3173315429687449
2023-04-20,103.6533415135045,105.9875579604641,103.61343940194756,104.68244009846111,105.0299301147461,105.59,100.0,0.5600698852539097
2023-04-21,105.2094846763563,105.73817433031998,104.52118657788687,104.74473279399182,105.1496353149414,105.31,100.0,0.16036468505859602
2023-04-24,105.2294342197232,106.36661777468406,104.44138463153986,104.87320201520957,105.708251953125,105.69,100.0,0.018251953125002274
2023-04-25,105.5685956053097,106.42647196441114,103.58350554081595,104.70257280934048,103.5934829711914,104.85,100.0,1.256517028808588
2023-04-26,104.6608371920651,106.08730527952743,102.3764927660982,104.53607335533466,103.45382690429688,104.13,100.0,0.6761730957031205
2023-04-27,104.19199826325102,108.10232137733352,103.2842499834002,104.90782912638119,107.3242416381836,106.54,100.0,0.7842416381835875
2023-04-28,106.77561281290427,107.08484467955451,104.83042473382864,105.19676754266838,107.07486724853516,105.69,100.0,1.3848672485351585
2023-05-01,106.57609977875457,107.72326078183225,106.55615252772748,105.42856002786469,106.93521118164062,107.63,100.0,0.6947888183593705
2023-05-02,106.8753567799733,106.93520614078312,103.45382879360581,105.37939903749574,105.05985260009766,104.43,100.0,0.6298526000976494
2023-05-03,105.2693340377712,107.22449181966967,104.70074227268108,105.3487638744885,105.1496353149414,106.49,100.0,1.3403646850585886
2023-05-04,105.22943112798761,105.33916003011514,103.71318896943825,105.22645025697857,104.43141174316406,104.39,100.0,0.04141174316406193
2023-05-05,104.56108717012413,105.61846646269163,103.85284183165443,105.2374881719335,105.30923461914062,105.06,100.0,0.24923461914062273
2023-05-08,104.92020051922303,107.69333256448573,104.9002532688508,105.53966300747257,107.50379943847656,107.17,100.0,0.3337994384765608
2023-05-09,108.12227093094128,109.87792577810535,106.92523803229052,105.74568645543455,107.0848388671875,108.63,100.0,1.5451611328124955
2023-05-10,107.7033139991051,112.66103925609698,107.66341188632762,106.5094584127438,111.4739761352539,111.43,100.0,0.04397613525389943
2023-05-11,115.11495812645143,117.62873025998415,114.12740560369389,107.81247280373994,116.28206634521484,116.18,100.0,0.10206634521483693
2023-05-12,116.39179774520198,117.73846168885355,115.82320596408023,109.06677635666576,117.2197494506836,116.98,100.0,0.23974945068358977
2023-05-15,115.8232078560287,118.18735667433693,115.72345637904542,110.02083569237855,116.22222137451172,117.55,100.0,1.3277786254882784
2023-05-16,116.20226091366033,120.45174060122898,116.14241155246413,111.24669834713173,119.21480560302734,119.31,100.0,0.09519439697265852
2023-05-17,119.31456155119167,121.36947087521074,118.59633874769574,112.48600778951938,120.54151916503906,120.3,100.0,0.24151916503906534
2023-05-18,120.65124255085001,123.00541380545143,120.53154382944449,113.82475391074752,122.52660369873047,122.33,100.0,0.19660369873047046
2023-05-19,123.24482905816767,125.65884972417929,121.84828559822265,114.97569065331191,122.45677947998047,123.9,100.0,1.443220520019537
2023-05-22,122.63633064734469,126.11770793285235,122.43682009726373,116.27774781750574,124.74111938476562,125.06,100.0,0.3188806152343773
2023-05-23,123.85332485506204,124.32215754858028,121.90813684524079,117.07501755023674,122.25727081298828,122.75,100.0,0.49272918701171875
2023-05-24,120.82082957052907,121.60887913964275,119.56393970999528,117.5451981122234,120.60137176513672,120.6,100.0,0.0013717651367244343
2023-05-25,124.21242751491502,125.01045452870478,121.65875324766718,118.29583877082798,123.17500305175781,122.88,100.0,0.29500305175781705
2023-05-26,122.86576238029944,124.95060393778748,122.1475395970605,119.09668799428789,124.30220794677734,123.97,100.0,0.3322079467773449
2023-05-30,125.3296600246765,125.34961488522052,121.69865168170563,119.665732907224,123.3645248413086,122.59,100.0,0.7745248413085903
2023-05-31,122.4467991005424,123.75356087552677,122.19741661764925,120.05250257721131,122.5665054321289,123.43,100.0,0.8634945678711006
2023-06-01,122.51662735152858,124.11267373895721,122.31712440705607,120.50075634328365,123.4144058227539,123.75,100.0,0.33559417724609375
2023-06-02,123.6837322695442,125.8384005431827,123.45430465055726,121.01559588650989,124.36205291748047,125.27,100.0,0.9079470825195273
2023-06-05,123.70369342159545,127.11524408449175,123.53410754307394,121.64001688256639,125.6987533569336,126.24,100.0,0.5412466430664011
2023-06-06,125.69875242220249,127.97311190333757,125.05035642592931,122.35408620545077,126.99553680419922,127.02,100.0,0.02446319580077727
2023-06-07,126.65637828291831,128.72125735325852,121.81835957374234,122.33319713977609,122.19741821289062,124.43,100.0,2.232581787109382
2023-06-08,121.92809189671699,122.92562186929389,120.94053174427006,122.2672122200325,121.83831024169922,122.18,100.0,0.34168975830078807
2023-06-09,121.94803257688334,123.4543048852694,121.60887605754503,122.22199530098129,121.92808532714844,123.08,100.0,1.1519146728515608
2023-06-12,122.48670342093267,123.7435932883444,121.35949731771672,122.37034290831139,123.33460235595703,122.8,100.0,0.5346023559570341
2023-06-13,124.67129270459216,124.85084839454838,122.87573580502989,122.52418142385685,123.52413177490234,123.63,100.0,0.1058682250976517
2023-06-14,122.79593308459474,123.74359108615077,121.15000717498637,122.63622721285041,123.3645248413086,122.47,100.0,0.8945248413085949
2023-06-15,122.83583319757814,125.15010229733758,122.09766319099133,122.92219871630628,124.78101348876953,124.21,100.0,0.5710134887695375
2023-06-16,125.61894208460004,125.79849777312772,122.97548629648946,122.96255472405399,123.22486877441406,123.88,100.0,0.655131225585933
2023-06-20,122.62635831776232,124.2623068437258,121.83830873590011,122.94033897210981,122.79593658447266,123.49,100.0,0.6940634155273386
2023-06-21,122.0976642503509,122.35702416160981,119.80334238035539,122.58192516417486,120.25223541259766,120.79,100.0,0.53776458740235
2023-06-22,119.70358919796696,122.93558397535828,118.5364810298186,122.617109800488,122.84580993652344,121.46,100.0,1.3858099365234438
2023-06-23,121.0801834338979,122.48670432625082,120.76097415209824,122.5398699976625,122.03781127929688,122.19,100.0,0.15218872070312273
2023-06-26,120.46171962285966,121.69865463740067,117.97786455271373,121.94091284400281,118.04769134521484,119.71,100.0,1.66230865478515
2023-06-27,116.79081484930798,118.78587485994645,115.81323209545315,121.42048811226339,118.03772735595703,117.88,100.0,0.1577273559570358
2023-06-28,116.80077672899384,120.09262856696877,116.56137167494731,121.21550945640952,119.88314819335938,119.39,100.0,0.49314819335937443
2023-06-29,118.94547023587201,119.76344449821283,118.00779724914692,120.89421708227367,118.80581665039062,119.16,100.0,0.3541833496093716
2023-06-30,119.87317532814107,120.78093125890115,119.39436520181356,120.6955661409002,119.40433502197266,120.48,100.0,1.0756649780273477
2023-07-03,118.9454702625055,119.89312829054096,118.52650950596752,120.55000314730881,119.60384368896484,119.65,100.0,0.046156311035161934
2023-07-05,118.94546983498475,122.30714852685584,118.9355000150194,120.66990568176921,121.44927215576172,121.68,100.0,0.23072784423828807
2023-07-06,119.50408451301688,120.00284946071636,118.10754113734849,120.55569377022863,119.81331634521484,119.09,100.0,0.7233163452148403
2023-07-07,119.80334682289323,120.75100485240164,119.10507889424461,120.37291901655492,119.18488311767578,120.26,100.0,1.0751168823242239
2023-07-10,118.00779766497571,118.01776748500978,115.85312929187103,119.8115113003502,116.16236114501953,116.67,100.0,0.5076388549804705
2023-07-11,116.00275568938807,117.41924635388807,115.06507512614613,119.41673040724362,116.85065460205078,116.67,100.0,0.18065460205077954
2023-07-12,118.50656194352396,120.03278156014524,118.11752586911264,119.31266476603041,118.63623809814453,119.62,100.0,0.9837619018554733
2023-07-13,120.63129991731016,124.52166833341055,120.15248218171561,119.96862729429668,124.23238372802734,123.3,100.0,0.9323837280273466
2023-07-14,124.49174289536698,126.46684796763601,123.18497346374286,120.65417120225764,125.1102066040039,125.05,100.0,0.06020660400390909
2023-07-17,125.6289242278092,126.78605501130504,123.89321663674113,121.14589633264673,124.34210968017578,125.25,100.0,0.9078903198242188
2023-07-18,124.29222905303338,124.3720332747981,122.6562805596042,121.45368449578082,123.45430755615234,123.28,100.0,0.1743075561523426
2023-07-19,124.2922282867845,124.87079747518762,121.49914903718394,121.49033678436422,121.72857666015625,122.71,100.0,0.9814233398437437
2023-07-20,121.12008876484984,123.78349199414879,117.92799586200648,121.14570134430055,118.90557098388672,120.76,100.0,1.8544290161132864
2023-07-21,120.3220653182523,120.6911465290296,118.43673432144811,120.95607999969589,119.72354125976562,119.42,100.0,0.3035412597656233
2023-07-24,121.35949638526968,122.69618285435911,120.68117572035206,120.99257768267915,121.22981262207031,122.08,100.0,0.8501873779296858
2023-07-25,121.06023552377786,122.845815050242,120.72107138277958,121.11465191971517,121.90813446044922,122.38,100.0,0.4718655395507767
2023-07-26,129.74872584409778,130.6564665161607,128.00304845929384,122.15945817742502,128.95069885253906,129.1,100.0,0.14930114746093182
2023-07-27,131.34476526584794,132.9108945764946,128.47187417024588,123.08224615936732,129.0803680419922,130.24,100.0,1.1596319580078216
2023-07-28,130.4569758640899,133.40967144470528,130.24750308199404,124.30495106598293,132.25253295898438,132.53,100.0,0.27746704101562614
2023-07-31,132.4021512167814,133.2001782524347,131.45450077117422,125.38324844338312,132.39218139648438,132.34,100.0,0.05218139648437159
2023-08-01,130.45696482011095,132.30240130440563,130.35720573730083,126.16215760275495,131.22506713867188,131.89,100.0,0.6649328613281114
2023-08-02,129.13024583401327,129.76866437759938,127.24491488333726,126.4155894861897,128.06289672851562,128.33,100.0,0.2671032714843875
2023-08-03,127.65389562425158,129.0703861791946,127.10525116467214,126.64453831316129,128.13270568847656,128.52,100.0,0.38729431152344773
2023-08-04,128.96067206997424,131.1851596198818,127.59406089490223,126.79774171710957,127.79356384277344,129.71,100.0,1.9164361572265705
2023-08-07,128.84096761225135,131.2849128623953,128.70131403284594,127.38539064050538,131.20510864257812,130.75,100.0,0.455108642578125
2023-08-08,130.2973520815781,131.18515309337093,129.22001795135225,127.87739511434945,131.07542419433594,130.33,100.0,0.745424194335925
2023-08-09,131.33479683798933,131.71384786854938,128.68136351857356,128.07237402423306,129.33973693847656,129.72,100.0,0.38026306152343636
2023-08-10,130.99563808508924,131.72383067414597,129.13024676035386,128.24534541084574,129.36965942382812,130.28,100.0,0.9103405761718761
2023-08-11,128.34220412924722,129.60905617802095,127.85340898516131,128.37796268614443,129.23997497558594,129.19,100.0,0.049974975585939774
2023-08-14,129.07038958765438,131.0454944732009,128.64145904862724,128.72831432473663,131.00559997558594,130.45,100.0,0.5555999755859489
2023-08-15,130.77618904435593,131.0953907292764,128.96067713884,128.82579803326132,129.45944213867188,129.83,100.0,0.3705578613281375
2023-08-16,128.38211059570312,129.95820985464445,127.55416646269605,128.76663970825356,128.38211059570312,129.18,100.0,0.7978894042968818
2023-08-17,129.4793918517241,131.66398489949162,128.97064183062253,128.87763315730933,129.59909057617188,130.94,100.0,1.3409094238281227
2023-08-18,128.19257404648735,128.93075172162682,126.06783789911266,128.64663835222015,127.14517211914062,127.37,100.0,0.22482788085937955
2023-08-21,126.86584687305454,128.4120135772189,126.24737562505952,128.56747353481475,128.0529022216797,127.85,100.0,0.20290222167969318
2023-08-22,128.19257004863107,129.95820234481604,128.00305214140946,128.59329965465196,128.76116943359375,129.64,100.0,0.8788305664062364
2023-08-23,129.85843683911767,133.0804694190579,129.54920500129458,129.05326367205254,132.04302978515625,132.2,100.0,0.15697021484373863
2023-08-24,133.61914041073769,133.91840245485676,129.2499693625584,129.1074208009351,129.45944213867188,130.54,100.0,1.080557861328117
2023-08-25,129.22001710727264,130.43700480822093,126.93568032368181,129.1676565398469,129.55918884277344,128.59,100.0,0.9691888427734341
2023-08-28,130.98564812121896,132.21260563057496,129.8185399702074,129.37015381565377,130.68638610839844,131.21,100.0,0.5236138916015705
2023-08-29,131.91336330197814,136.232669721454,131.91336330197814,130.01914795533742,134.23760986328125,135.25,100.0,1.01239013671875
2023-08-30,134.4470835406824,135.94337844450757,133.73884581002054,130.7558445691049,135.54437255859375,135.17,100.0,0.3743725585937625
2023-08-31,135.67404023984733,137.65913027926712,135.45458243765626,131.43288511744302,135.83364868164062,137.12,100.0,1.2863513183593795
2023-09-01,137.12047766138144,137.12047766138144,134.51692380638372,131.95182318902354,135.32492065429688,135.23,100.0,0.09492065429688523
2023-09-05,135.10545989390252,136.08303499045132,134.24758352151505,132.41619964467978,135.4346466064453,135.38,100.0,0.05464660644531705
2023-09-06,135.68402819934468,136.19276299476806,133.33982672601329,132.6444242135402,134.1278839111328,134.43,100.0,0.3021160888671943
2023-09-07,133.26003003449904,135.2451202288061,132.62161143861184,132.9486214277765,134.9259033203125,134.49,100.0,0.4359033203124909
2023-09-08,134.57676638326578,136.32244375913007,134.51691702289764,133.3612234502969,136.0431365966797,136.08,100.0,0.036863403320325006
2023-09-11,136.2027361068631,137.14041671886054,135.45458862551618,133.7906339726792,136.58180236816406,136.55,100.0,0.03180236816405113
2023-09-12,135.92343256221002,136.53192647213652,134.85608337528313,133.95264368126988,135.00570678710938,135.79,100.0,0.784293212890617
2023-09-13,134.75632080049772,136.56184762162448,133.81864018771157,134.27526848535575,136.37232971191406,135.62,100.0,0.752329711914058
2023-09-14,137.2601156821178,138.35738940231556,135.90347445519686,134.7397501026729,137.75888061523438,137.23,100.0,0.5288806152343852
2023-09-15,137.63917710291219,138.17785179528104,136.14288219026378,135.04919781033735,137.06060791015625,137.1,100.0,0.039392089843744316
2023-09-18,136.2725678091726,138.8162722395343,136.2725678091726,135.4251210124486,137.86862182617188,138.4,100.0,0.5313781738281307
2023-09-19,137.08057191015484,138.06813209793975,136.28254485931754,135.72830963005964,137.69903564453125,137.46,100.0,0.23903564453124204
2023-09-20,137.73894452506937,137.73894452506937,133.28995401814262,135.41915740855168,133.40966796875,134.46,100.0,1.050332031250008
2023-09-21,131.11534309099383,131.9033850784174,129.74873188826578,134.712311502125,130.11781311035156,131.04,100.0,0.9221868896484295
2023-09-22,130.43700319794033,131.7038704226841,129.27988009125838,134.0744390928573,129.9282684326172,130.86,100.0,0.9317315673828261
2023-09-25,129.50931099478177,130.8459974309537,128.64146483744753,133.63600028998152,130.78614807128906,130.23,100.0,0.5561480712890727
2023-09-26,129.44945897949236,130.03799796558553,126.90575469823916,132.91819040431213,128.25242614746094,128.28,100.0,0.027573852539063637
2023-09-27,128.25243971316056,130.57667122415683,128.25243971316056,132.55810632566426,130.21755981445312,130.37,100.0,0.15244018554687955
2023-09-28,129.51928462837975,132.97074494129637,129.46940508682422,132.48145012416944,131.98318481445312,132.35,100.0,0.3668151855468693
2023-09-29,132.95079440467438,133.71889675053498,130.03800869206094,132.22215993183227,130.53677368164062,131.49,100.0,0.9532263183593841
2023-10-02,130.88591237983783,134.0879750185937,130.84600265773477,132.43768427816087,133.83859252929688,133.51,100.0,0.3285925292968841
2023-10-03,133.60917004954786,133.92837173317633,131.51435097029292,132.39304504302586,132.10289001464844,132.47,100.0,0.36710998535156136
2023-10-04,132.4619994531678,135.2351468032038,132.2026471377556,132.72810038169013,134.9059600830078,134.57,100.0,0.3359600830078193
2023-10-05,134.7363739013672,135.1553346421708,133.12036507701188,132.99587018431373,134.7363739013672,134.04,100.0,0.6963739013671955
2023-10-06,133.67896922362212,137.81872721844277,133.67896922362212,133.56177523721252,137.2401580810547,136.95,100.0,0.29015808105469887
2023-10-09,136.6017544115941,138.59681432069618,135.27503774550934,134.16395113657376,138.07809448242188,137.23,100.0,0.8480944824218852
2023-10-10,138.15789448380286,139.37488220885712,136.9907862991719,134.63795483594205,137.71897888183594,138.33,100.0,0.611021118164075
2023-10-11,138.23771494284787,140.76146472952036,138.23771494284787,135.37994090338935,140.20285034179688,140.29,100.0,0.08714965820311704
2023-10-12,140.70160364143942,140.87118190779321,137.91848653438217,135.81284738319786,138.62673950195312,138.8,100.0,0.17326049804688637
2023-10-13,139.03573629784754,139.6542000272161,136.28254375580707,135.9738972568444,137.02072143554688,137.53,100.0,0.5092785644531261
2023-10-16,137.82869801280674,139.28509829600148,137.64914994532802,136.34489878145263,138.75640869140625,139.03,100.0,0.27359130859375114
2023-10-17,138.28758913864792,139.5544412828263,136.84115845792,136.7488980357225,139.37489318847656,138.34,100.0,1.034893188476559
2023-10-18,139.1055419923772,140.37240923167073,137.0406630071995,136.86494258799075,137.61923217773438,138.64,100.0,1.0207678222656114
2023-10-19,138.15790703249064,139.31504550257768,137.04067828680664,136.9375848457899,137.40975952148438,138.4,100.0,0.9902404785156307
2023-10-20,136.99078288857498,137.52944233687901,134.74634061529457,136.71458158965854,135.2650604248047,135.92,100.0,0.6549395751953
2023-10-23,134.706426238271,137.31996483425695,133.61912233875927,136.64101424944886,136.16282653808594,136.09,100.0,0.07282653808593409
2023-10-24,137.4895574605989,139.0157770955564,137.0805665202248,136.88449669197027,138.46713256835938,138.58,100.0,0.1128674316406375
2023-10-25,127.84344040707799,127.99306380922131,124.76106894358492,135.3398619361008,125.29973602294922,126.05,100.0,0.7502639770507784
2023-10-26,122.96551887056602,124.02290583816598,120.97045888485647,133.55827585243318,121.97796630859375,122.77,100.0,0.792033691406246
2023-10-27,122.57647808155141,123.00541626645175,119.91307492929911,131.99960343571553,121.86823272705078,121.37,100.0,0.4982327270507767
2023-10-30,122.90566778759941,125.09026087677694,122.44680491056916,130.95333367911752,124.15258026123047,124.66,100.0,0.5074197387695278
2023-10-31,124.751096539292,125.06033600746238,122.38695536358645,129.99602537834716,123.77352142333984,123.57,100.0,0.20352142333985057
2023-11-01,123.76353866136154,126.17755927617083,123.41440470641795,129.48157628330452,126.13765716552734,125.7,100.0,0.4376571655273409
2023-11-02,128.1027977872887,128.66141213889097,126.61648025288991,129.17404539279622,127.17509460449219,127.68,100.0,0.5049053955078193
2023-11-03,127.7037937128492,129.2100585197001,127.54418526122137,129.12165639771507,128.7811279296875,129.02,100.0,0.23887207031251023
2023-11-06,128.73123560644035,130.01804246983335,128.35216937673005,129.22920466903534,129.9282684326172,129.69,100.0,0.23826843261718977
2023-11-07,130.38714732466838,131.58418022837037,129.55919563415722,129.4181773310025,130.64649963378906,130.88,100.0,0.23350036621093295
2023-11-08,130.64649708714379,131.8834396888141,130.45696396370812,129.69766612176468,131.51434326171875,131.69,100.0,0.17565673828124773
2023-11-09,131.63405715227634,132.22259616190166,129.74872618064185,129.72708456464397,129.91830444335938,130.83,100.0,0.9116955566406375
2023-11-10,129.77865702915878,132.47198494220206,129.09035890470446,130.06513954912373,132.2624969482422,131.48,100.0,0.7824969482421977
2023-11-13,131.45448582522138,132.26248258930508,130.92579620869506,130.29161662942286,131.7637176513672,131.91,100.0,0.1462823486328091
2023-11-14,133.85854688936197,135.36481163948176,132.99070070060876,130.69139408013524,133.28994750976562,134.48,100.0,1.1900524902343648
2023-11-15,134.53687335794058,134.6964818194617,133.24009646610827,131.17087364874743,134.28749084472656,133.86,100.0,0.42749084472654886
2023-11-16,134.85607401629477,136.88105856167562,133.98822784573122,131.89365934323735,136.59176635742188,135.85,100.0,0.7417663574218807
2023-11-17,135.66408244956176,135.72393181526644,133.31988081879473,132.30460933770672,134.9757843017578,134.08,100.0,0.8957843017578
2023-11-20,133.3597779783087,136.32244307035154,133.28994357749957,132.7857883791375,135.9134521484375,135.73,100.0,0.18345214843751023
2023-11-21,135.95333986137373,136.84114084059354,135.62416839744438,133.29857234069522,136.6316680908203,136.59,100.0,0.04166809082030909
2023-11-22,137.13043396063054,139.0756141843875,137.13043396063054,133.94515185542545,138.14791870117188,138.76,100.0,0.6120812988281159
2023-11-24,137.68905769492272,137.78881677830012,135.6541032954757,134.26611443681142,136.3523712158203,136.38,100.0,0.027628784179682953
2023-11-27,135.69399284434908,138.07808872751622,135.66406816464772,134.50704038950738,136.07305908203125,137.67,100.0,1.5969409179687375
2023-11-28,135.74388576008332,136.91099404673662,135.08551229958144,134.8209169378335,136.86111450195312,136.37,100.0,0.49111450195312045
2023-11-29,137.2301994748501,137.94840701946194,134.50693181273968,134.79900407073174,134.6565704345703,135.84,100.0,1.183429565429691
2023-11-30,134.71641633416107,135.21518128525304,130.95572434102007,134.45282175713416,132.20263671875,132.4,100.0,0.19736328125000568
2023-12-01,131.5343017578125,131.78368424899438,130.3472386644109,134.0636857572246,131.5343017578125,131.19,100.0,0.3443017578125023
2023-12-04,129.55919272122895,129.70881612291547,127.58408010292332,133.38195416993318,128.95069885253906,128.55,100.0,0.40069885253905113
2023-12-05,128.63148843798865,131.81361152344792,127.93322049316208,133.0198880312598,130.6664581298828,130.79,100.0,0.12354187011717954
2023-12-06,131.11534328716183,131.5143491915759,129.55919895040762,132.5770832989668,129.6988525390625,130.54,100.0,0.841147460937492
2023-12-07,134.70643539375354,138.21774501822378,134.36727886975154,133.11237437342749,136.59176635742188,137.21,100.0,0.618233642578133
2023-12-08,133.8685132677857,136.06307606474635,133.69893500658995,133.31826718157987,134.6565704345703,135.62,100.0,0.963429565429692
2023-12-11,132.05301374864487,133.0106339340213,131.0355289832213,133.2705988099734,132.96075439453125,132.3,100.0,0.6607543945312386
2023-12-12,131.48441977042182,132.67148284175016,130.9357752558038,133.1268753325759,132.1926727294922,132.28,100.0,0.08732727050781364
2023-12-13,133.05055054076414,133.1702492648572,131.24502375389739,133.0089657830241,132.2425537109375,132.04,100.0,0.20255371093750796
2023-12-14,133.05055080093186,133.3897073339249,129.3696628168803,132.82298437523548,131.61410522460938,130.68,100.0,0.9341052246093682
2023-12-15,131.29488589542592,133.18021687409205,130.85597028623823,132.74958328470927,132.27247619628906,132.67,100.0,0.397523803710925
2023-12-18,132.30240100396335,136.81122538008174,132.10288283879615,133.11158139232094,135.46456909179688,135.69,100.0,0.22543090820312273
2023-12-19,136.50198733928144,137.13043604462203,135.74387009778516,133.53836443649587,136.3124542236328,136.61,100.0,0.29754577636720114
2023-12-20,138.6267244329091,141.34997666073016,137.7289536566025,134.13301927920787,137.99827575683594,140.05,100.0,2.051724243164074
2023-12-21,139.14545510804152,140.34248797717854,138.8362080447014,134.92503679328223,140.07315063476562,139.98,100.0,0.09315063476563523
2023-12-22,140.42229540636433,141.6392831637712,140.36244604470482,135.75376764597482,141.14051818847656,141.46,100.0,0.31948181152344546
2023-12-26,141.24025985431203,142.32756383048087,140.84125396872128,136.47599071635526,141.17044067382812,141.91,100.0,0.7395593261718716
2023-12-27,141.24025737039815,141.7290525095847,139.5444595548122,136.9489612412839,140.0232696533203,140.46,100.0,0.43673034667969546
2023-12-28,140.43226573485117,140.7913771272078,139.40481109971117,137.34024923788877,139.8836212158203,140.13,100.0,0.24637878417968295
2023-12-29,139.2851060851628,140.01329865693364,138.43719957394714,137.6075433987484,139.34495544433594,139.43,100.0,0.08504455566406932
2024-01-02,138.2077710677741,139.1055418917938,136.1428768629911,137.6370315901132,137.82870483398438,137.53,100.0,0.29870483398437386
2024-01-03,136.91098533422976,139.28511148072258,136.7414070696373,137.76234184749916,138.5768585205078,138.84,100.0,0.2631414794921909
2024-01-04,138.07810052337078,138.81627820162967,136.01322134208277,137.53444504712948,136.05311584472656,137.29,100.0,1.2368841552734295
2024-01-05,136.4122143782923,136.82120529201478,134.81616044337932,137.24914965607994,135.3947296142578,135.81,100.0,0.4152703857421898
2024-01-08,135.9533506287487,138.66663331922854,135.92342594783966,137.41553704243074,138.49705505371094,138.25,100.0,0.2470550537109375
2024-01-09,138.15790692712233,141.14052714832192,137.80876533381232,137.84037909237227,140.6018524169922,140.33,100.0,0.271852416992175
2024-01-10,140.65172124675934,142.6467811225999,140.56194720541023,138.3854696600039,141.92855834960938,142.28,100.0,0.35144165039062614
2024-01-11,143.13558590156464,144.86130854836114,140.29261929878493,138.8312823641909,141.72906494140625,142.31,100.0,0.5809350585937523
2024-01-12,142.31759279989257,142.84628244329673,141.46970149495132,139.2934631075592,142.29763793945312,142.29,100.0,0.007637939453132958
2024-01-16,141.6492511157099,143.99345255712072,141.1006066059011,139.67274086183778,142.13804626464844,143.17,100.0,1.03195373535155
2024-01-17,141.0008762179937,141.48965619253815,138.55691546087,139.8657854070823,141.12057495117188,139.72,100.0,1.4005749511718761
2024-01-18,141.69913454918552,143.8538029262953,141.63928518667123,140.3004266985078,143.12559509277344,143.5,100.0,0.3744049072265625
2024-01-19,144.3824841790021,146.08825179568709,144.0233728037371,141.0628274876651,146.0184326171875,145.57,100.0,0.4484326171875068
2024-01-22,146.73665332111548,148.02346018556003,145.47975591466923,141.6717030934764,145.62939453125,146.86,100.0,1.2306054687500136
2024-01-23,145.5296501844543,146.8164571791531,145.14061409572213,142.33904982619518,146.6768035888672,146.4,100.0,0.2768035888671818
2024-01-24,148.1730941893782,149.47987122824236,147.73419379084058,143.138203534265,148.33270263671875,148.97,100.0,0.6372973632812489
2024-01-25,149.69931618353345,152.6719509597727,149.17061134447977,144.2524241014411,151.49485778808594,151.59,100.0,0.09514221191406591
2024-01-26,150.72678291168398,152.16321326709544,150.63699364732764,145.26064580979062,151.8140869140625,151.89,100.0,0.07591308593748636
2024-01-29,151.68439824884936,153.40015094080312,151.05594952415154,146.31000151496957,153.1308135986328,152.61,100.0,0.5208135986327989
2024-01-30,152.42257819294665,153.24054483047487,150.81655437736543,146.94678687612466,151.0858917236328,151.93,100.0,0.8441082763671943
2024-01-31,143.2652464897419,143.6443127413388,139.52450917876953,145.98774222949035,139.7539520263672,140.99,100.0,1.2360479736328216
2024-02-01,141.76896062099368,142.70664126888195,140.44224387675817,145.29755530982914,140.81134033203125,141.85,100.0,1.0386596679687443
2024-02-02,138.91601649271684,142.2677177609531,136.16283928781175,144.86165731018525,142.0283203125,139.62,100.0,2.4083203124999955
2024-02-05,142.46724256803583,145.11069099187745,142.4273328440345,144.65678350346263,143.32510375976562,144.74,100.0,1.414896240234384
2024-02-06,144.29269359785016,145.0009465224218,142.83630847118485,144.53508761380826,143.7440643310547,144.01,100.0,0.2659356689453034
2024-02-07,144.40242410471734,145.26030043504863,143.57447245395934,144.62114209407653,145.1804962158203,144.73,100.0,0.45049621582032273
2024-02-08,145.4697868460845,145.96855179506466,144.741594282481,144.74493529012676,145.54959106445312,145.59,100.0,0.04040893554687841
2024-02-09,146.31769630961094,149.07088891162394,145.8189312986492,145.2632070203234,148.63197326660156,148.2,100.0,0.43197326660157387
2024-02-12,148.05338940187258,148.9711151048525,147.0059799381014,145.51685786813442,147.16558837890625,148.16,100.0,0.9944116210937466
2024-02-13,144.562036337262,146.3077137233139,143.33507877925894,145.4188093711332,144.781494140625,145.21,100.0,0.42850585937500796
2024-02-14,145.71916712457062,146.15808270843436,143.73407717794973,145.44023659495605,145.5795135498047,144.81,100.0,0.7695135498046852
2024-02-15,142.78643961741403,143.16550587761657,140.11306659794184,145.03718616875358,142.4173583984375,141.35,100.0,1.0673583984375057
2024-02-16,142.6368127876563,142.8363157330974,139.79384634654883,144.38861635927393,140.17291259765625,140.92,100.0,0.7470874023437375
2024-02-20,139.31503811941707,141.72905880046483,139.14545985244132,143.90632395668322,140.77142333984375,141.39,100.0,0.6185766601562364
2024-02-21,141.10061739065387,142.33756008721167,140.33251501821314,143.67853496167757,142.19790649414062,141.81,100.0,0.3879064941406227
2024-02-22,144.57200657768715,144.6418409794599,142.44727816054302,143.6859416445216,143.7340850830078,143.27,100.0,0.46408508300780227
2024-02-23,143.31512368908557,144.32262344211176,143.07571102550065,143.67507154439267,143.6044158935547,144.22,100.0,0.6155841064453114
2024-02-26,141.78889776809217,142.08815977891572,137.0506307968635,142.81575455071322,137.23019409179688,138.6,100.0,1.3698059082031193
2024-02-27,137.67909563225442,138.90605327721158,136.75138481209174,142.2452502167379,138.53697204589844,138.3,100.0,0.23697204589842613
2024-02-28,137.55937112966785,137.669100030709,135.07553134779843,141.41830173406348,136.0431365966797,136.13,100.0,0.08686340332030795
2024-02-29,136.94090302256035,138.51700208612297,136.06307184257653,140.97826099829774,138.1179962158203,137.83,100.0,0.2879962158203
2024-03-01,138.08806118752165,138.52697679299936,136.58179646972206,140.4213267681862,136.80125427246094,137.63,100.0,0.828745727539058
2024-03-04,135.32492171789025,135.32492171789025,131.58418426585501,139.43456718346968,133.0206298828125,132.81,100.0,0.21062988281249773
2024-03-05,131.55425842934372,132.91089980888594,130.34724045812987,138.4889316143456,132.34230041503906,132.11,100.0,0.23230041503904886
2024-03-06,132.79117685864767,133.2500473149118,130.52679492025942,137.5004639583443,131.07542419433594,131.8,100.0,0.7245758056640739
2024-03-07,132.4619962452394,134.60669478467972,131.28491820252916,137.0401461564765,134.04808044433594,133.52,100.0,0.5280804443359273
2024-03-08,133.87849813823098,137.74890390285947,133.66901015637413,136.77819746972756,135.07553100585938,136.88,100.0,1.8044689941406205
2024-03-11,135.79376652086037,138.75643189854856,135.79376652086037,136.85176528105558,137.3299560546875,138.27,100.0,0.9400439453125102
2024-03-12,136.69152770636583,139.03572917517127,136.69152770636583,137.02591630347732,138.15789794921875,138.71,100.0,0.552102050781258
2024-03-13,138.65667537396806,140.7415095017068,138.6467055531776,137.34842311731055,139.44471740722656,140.44,100.0,0.9952825927734352
2024-03-14,140.84125047311264,143.2353161694354,140.1130579004884,138.0681715356535,142.7465362548828,142.23,100.0,0.5165362548828227
2024-03-15,142.14801512520248,142.8263281719532,139.68411497867774,138.4365844389726,140.83126831054688,140.91,100.0,0.07873168945312159
2024-03-18,148.24292683515762,151.77417616937356,146.8064812683243,139.62040198903668,147.31521606445312,149.69,100.0,2.3747839355468727
2024-03-19,147.79403803209232,148.42247153743352,145.7191739518592,140.55992496927448,146.6668243408203,146.73,100.0,0.06317565917967727
2024-03-20,147.63442675673804,148.4923030886279,146.37754454908017,141.6016155560535,148.3726043701172,147.43,100.0,0.9426043701171807
2024-03-21,149.1008040067381,149.99857488029843,146.5371447091215,142.3527905294391,147.2354278564453,147.85,100.0,0.6145721435546818
2024-03-22,148.7516646787602,151.20559510922394,148.61201109140694,143.42543156106075,150.39759826660156,150.59,100.0,0.1924017333984409
2024-03-25,149.5696417984335,150.00855740787728,147.45488319413062,144.26195076112242,149.69932556152344,148.4,100.0,1.2993255615234318
2024-03-26,149.84895086874704,151.88390527709623,149.60953820025338,145.06673550013423,150.29783630371094,151.33,100.0,1.032163696289075
2024-03-27,150.80656154259938,151.26543198952152,148.53219460990294,145.79081472837154,150.49732971191406,149.54,100.0,0.9573297119140705
2024-03-28,150.47740093896968,151.0559549226808,149.79907264946468,146.42633142344283,150.55718994140625,150.6,100.0,0.042810058593744316
2024-04-01,150.3177948334198,155.35532426698288,150.23799060864084,147.5836128033119,155.10594177246094,154.1,100.0,1.0059417724609432
2024-04-02,153.1208433719239,154.31787623680066,151.7741718857509,148.46289411703697,154.17822265625,153.13,100.0,1.0482226562500045
2024-04-03,153.22060663585313,154.69694670213661,152.35274522771766,149.2728200023435,154.53733825683594,153.84,100.0,0.6973382568359341
2024-04-04,153.12085314806671,154.38772049465243,150.07838364064415,149.39086905085915,150.15818786621094,151.85,100.0,1.6918121337890568
2024-04-05,149.6594212716659,153.04104728575675,149.2304906875689,149.755196048505,152.12332153320312,152.09,100.0,0.03332153320312159
2024-04-08,152.4026348545412,154.88649007768907,152.2330565780998,150.3835071482877,154.467529296875,154.35,100.0,0.11752929687500568
2024-04-09,155.7044457862683,158.16834597323773,154.80667492233815,151.16079896862016,156.21319580078125,156.98,100.0,0.7668041992187398
2024-04-10,155.82416790217906,156.22317381349558,154.2979329996987,151.77327023894998,155.75433349609375,155.15,100.0,0.6043334960937443
2024-04-11,156.52244079204263,159.28558801827498,156.07355532238506,152.73900298964207,159.01626586914062,158.39,100.0,0.6262658691406386
2024-04-12,157.56985119268046,159.82426359457074,156.7518692569864,153.35252370104917,157.3404083251953,158.77,100.0,1.4295916748046977
2024-04-15,158.46761320547387,158.8466794685631,154.20815592966943,153.50251964572698,154.4774932861328,155.57,100.0,1.0925067138671807
2024-04-16,153.80914296032955,155.26552814016836,153.05101046897894,153.57133245598422,154.01861572265625,154.61,100.0,0.5913842773437636
2024-04-17,155.23560668113393,156.69200711229337,154.19818222551973,153.77328589870197,155.0859832763672,155.78,100.0,0.6940167236328136
2024-04-18,154.95630577770135,156.55235985821815,154.23808296357876,154.0201343185886,155.62464904785156,155.87,100.0,0.24535095214844205
2024-04-19,155.81418530285373,155.97379375832193,151.92382433269205,153.97870259108404,153.7093963623047,153.15,100.0,0.5593963623046818
2024-04-22,153.92883161562588,157.25060790518552,153.6794491484316,154.23407113558014,155.8939666748047,156.47,100.0,0.5760333251953114
2024-04-23,156.57230287129568,158.5773325300142,155.89397461102413,154.71873892948196,157.86907958984375,157.78,100.0,0.08907958984374886
2024-04-24,157.1010051445604,159.17586937062967,156.78178823850365,155.2545009035979,158.73695373535156,158.65,100.0,0.08695373535155682
2024-04-25,150.95620683168855,156.1034649473612,150.49733636448255,155.3025234230921,155.6146697998047,154.74,100.0,0.8746697998046784
2024-04-26,173.93930463420028,174.27847640887566,169.23096172434404,157.46555814181002,171.52528381347656,170.32,100.0,1.2052838134765693
2024-04-29,168.64240928543177,169.13120443581406,164.80192814762438,158.5687628570166,165.73959350585938,166.02,100.0,0.28040649414063523
2024-04-30,165.20094137065857,167.684796512092,162.19838159638655,159.0766517677477,162.3779296875,164.77,100.0,2.3920703125000102
2024-05-01,163.89417685193956,166.70720344784903,162.6871588928948,159.66046636277716,163.45526123046875,165.19,100.0,1.7347387695312477
2024-05-02,164.38295342729234,166.31816396171348,163.4851825625666,160.5335288555527,166.20843505859375,165.32,100.0,0.8884350585937568
2024-05-03,167.14612123471488,167.5451423599029,162.64726649855453,161.37264761556756,166.82691955566406,164.06,100.0,2.7669195556640602
2024-05-06,167.04638060277676,167.7246936970772,165.619904786904,162.21426782607,167.68479919433594,166.65,100.0,1.0347991943359318
2024-05-07,168.0837886169879,171.3357306204274,167.97405971883913,163.3626315625419,170.82699584960938,170.56,100.0,0.2669958496093727
2024-05-08,168.5825731265148,169.72972655934984,168.32322080130083,164.10916594144257,168.96163940429688,169.47,100.0,0.5083605957031239
2024-05-09,168.97159229070203,170.26838422900883,167.76457439199913,164.83330270263565,169.54019165039062,169.21,100.0,0.33019165039061704
2024-05-10,167.61495002113764,169.43046176846389,165.77949863474737,165.28665083512277,168.23341369628906,167.77,100.0,0.46341369628905227
2024-05-13,163.85427757698633,168.86188259954247,163.59492524826206,165.7447279242939,168.72222900390625,167.65,100.0,1.0722290039062443
2024-05-14,169.35066632352667,170.8270064089782,168.3830610403397,166.30133093282555,169.91925048828125,169.95,100.0,0.03074951171873863
2024-05-15,170.20854679438895,172.22354641180004,170.0888328454311,167.07233918475092,172.08389282226562,171.86,100.0,0.22389282226561136
2024-05-16,172.86195483073303,174.68743642872468,172.26344600553662,167.96266140803414,173.749755859375,173.95,100.0,0.20024414062498863
2024-05-17,173.7497608774507,175.8346100588957,173.26098093925532,168.98432282967127,175.6251220703125,175.11,100.0,0.5151220703124864
2024-05-20,175.75480908766292,178.32843825492307,175.64508018134603,169.98414668024637,176.48300170898438,177.74,100.0,1.256998291015634
2024-05-21,176.46303994840218,177.70995237093499,175.37573596901734,170.97435453173435,177.41070556640625,176.74,100.0,0.6707055664062409
2024-05-22,176.20368824267223,176.71242303319818,174.77722773257653,171.63701871916976,175.9443359375,175.72,100.0,0.22433593750000114
2024-05-23,176.63264782040596,177.80972593703075,172.5228137906157,171.83492794203048,173.121337890625,174.45,100.0,1.3286621093749886
2024-05-24,174.5477999923981,175.33585723813047,173.22108322896912,172.19797555431705,174.5577850341797,174.4,100.0,0.15778503417968182
2024-05-28,174.0190987934955,176.8321405919267,173.93929457001877,172.70014937038206,175.9642791748047,176.33,100.0,0.365720825195325
2024-05-29,174.99665961644314,176.40318040090278,174.28842192515785,173.06886277138844,175.4654998779297,175.8,100.0,0.33450012207032387
2024-05-30,174.76725482700914,174.78720968913078,171.36567383752453,172.88433316814604,171.6848907470703,172.43,100.0,0.7451092529296943
2024-05-31,171.435495025454,172.63252790175056,169.021474412278,172.77627722228908,172.07391357421875,170.81,100.0,1.2639135742187477
2024-06-03,172.1138150394902,174.0989051676091,170.73723402553534,172.7717420985099,172.7422637939453,172.86,100.0,0.11773620605470114
2024-06-04,172.85199820880138,173.42059761830595,171.46543210941118,172.85027422300544,173.36073303222656,172.57,100.0,0.7907330322265693
2024-06-05,174.76724236209407,176.21365773019824,173.50037507697851,173.133801706162,174.9767303466797,175.16,100.0,0.1832696533203091
2024-06-06,175.4655053780146,176.7124177676284,175.31588197970035,173.5550890828404,176.29345703125,176.6,100.0,0.3065429687499943
2024-06-07,176.6126821913265,177.4306488423003,173.8694748055341,173.61828830538875,174.02908325195312,175.33,100.0,1.3009167480468875
2024-06-10,174.738135883723,176.82536261709976,172.53105780875313,173.7729266875869,174.778076171875,174.84,100.0,0.06192382812500341
2024-06-11,175.98647672208472,176.60565022964852,173.53972647855818,174.121328536143,176.3859405517578,174.84,100.0,1.545940551757809
2024-06-12,178.0137794277117,180.17092060846787,175.87661600934248,174.57906904121978,177.55438232421875,178.15,100.0,0.5956176757812557
2024-06-13,175.87662500412617,176.50579502366605,174.6482592294437,174.62557809744257,174.92788696289062,175.73,100.0,0.8021130371093648
2024-06-14,173.98912354652083,176.82535629960728,173.91920899654198,174.8829289962992,176.5557098388672,176.39,100.0,0.16570983886720114
2024-06-17,175.22748702906168,178.12363785224758,174.57833926623164,175.16588872387598,177.005126953125,177.18,100.0,0.17487304687500682
2024-06-18,176.90525762731892,177.15492633319684,173.8692928688135,175.12483305288,174.85797119140625,175.03,100.0,0.17202880859375114
2024-06-20,175.13760021564482,177.05505406231234,174.75811414213587,175.2503720768189,176.06637573242188,176.62,100.0,0.5536242675781295
2024-06-21,176.765448047575,180.61035230674923,176.37596546650445,175.80258483636803,179.3919677734375,179.57,100.0,0.17803222656249318
2024-06-24,179.92125491541253,180.6502832497372,178.43322398339873,176.22657328071165,178.9824981689453,179.57,100.0,0.5875018310546807
2024-06-25,179.38195814039298,184.045767509227,179.18222623318312,177.23451251711154,183.78611755371094,182.88,100.0,0.906117553710942
2024-06-26,182.38797855601,184.26547676585744,182.23816819701247,178.08808711769458,183.63632202148438,183.91,100.0,0.2736779785156216
2024-06-27,183.93592560969176,185.80345793178532,183.77614921582827,179.0315830540853,185.164306640625,185.43,100.0,0.2656933593750068
2024-06-28,184.0757529143438,184.88467709257833,181.71887969403932,179.41518732851455,181.9086151123047,183.06,100.0,1.1513848876953148
2024-07-01,182.78745310565412,183.6363328074632,181.05974991475895,179.85949739369698,182.7475128173828,182.36,100.0,0.38751281738279886
2024-07-02,181.8087471021279,185.32408660139896,181.31939097308685,180.54416735383424,184.99452209472656,184.3,100.0,0.6945220947265511
2024-07-03,184.60504519904944,185.8433922139529,183.75616551293737,181.21477983816675,185.57376098632812,185.15,100.0,0.4237609863281193
2024-07-05,185.61370322103716,190.6070773362716,185.55378516982532,182.4324661754997,190.34742736816406,189.44,100.0,0.9074273681640648
2024-07-08,189.6483374343796,189.91798389577082,187.53115174577567,183.27873671733414,188.7794952392578,188.41,100.0,0.3694952392578159
2024-07-09,190.057807857725,191.1064194956899,188.46991850688696,184.0055142858823,188.7295684814453,189.8,100.0,1.0704315185546989
2024-07-10,188.89932717256542,191.49588767717452,188.7794910761756,184.9283304800563,190.9266357421875,190.97,100.0,0.04336425781249886
2024-07-11,189.59842375980418,190.60707985854427,184.83474052403432,184.9810993066738,185.3240966796875,186.81,100.0,1.4859033203125023
2024-07-12,184.83473406974653,186.86204269748123,184.24551959418326,184.96025310679957,184.8247528076172,186.25,100.0,1.4252471923828125
2024-07-15,184.67493938335474,187.9905469835248,184.67493938335474,185.1365935454242,186.28280639648438,187.48,100.0,1.1971936035156148
2024-07-16,187.11171332151957,188.42995614885075,183.1269953371252,184.94188367686766,183.67626953125,185.24,100.0,1.563730468750009
2024-07-17,182.72753370807445,183.3067669344379,179.66159468485964,184.38698196656657,180.78012084960938,181.18,100.0,0.3998791503906318
2024-07-18,181.68890023555213,182.2581521897809,176.23614432555468,183.46265487883687,177.45452880859375,178.22,100.0,0.7654711914062489
2024-07-19,178.64296033005778,180.0510802737329,176.89527935932878,182.6575776690805,177.42457580566406,178.8,100.0,1.3754241943359489
2024-07-22,180.35067440681686,182.45787879683022,179.99115087738343,182.49379997921872,181.4292449951172,182.06,100.0,0.6307550048828148
2024-07-23,181.80875272844077,183.3666829983277,181.29941882119968,182.3678383185781,181.54908752441406,182.97,100.0,1.4209124755859364
2024-07-24,173.36994560122014,175.95650958981648,171.59230573551113,181.03895719055413,172.40122985839844,174.44,100.0,2.0387701416015602
2024-07-25,172.29138052237903,173.19018174569757,166.96844201717863,179.17487211071983,167.05831909179688,169.3,100.0,2.2416809082031364
2024-07-26,166.92848164345065,167.86723836504683,163.8425802626385,177.52204736574885,166.7786865234375,165.86,100.0,0.9186865234374864
2024-07-29,168.6062742908566,170.204144884371,167.7673910863689,176.42648686737294,169.3053436279297,169.73,100.0,0.42465637207030227
2024-07-30,170.01440950376085,171.00308783835192,168.21679175191073,175.57819942568153,170.0643310546875,169.87,100.0,0.19433105468749545
2024-07-31,173.0104271911881,174.01908324953334,169.78469662747654,175.00946188181462,171.3126678466797,171.63,100.0,0.31733215332030795
2024-08-01,170.024387993059,173.81935535427417,168.6562083669017,174.41269451957785,170.53370666503906,172.16,100.0,1.626293334960934
2024-08-02,166.21943827132955,168.2866872096547,164.45177958597304,173.34955497686332,166.43914794921875,166.9,100.0,0.4608520507812557
2024-08-05,155.2939402342217,164.2120993910372,154.72468825132592,171.4414771062503,159.03897094726562,162.02,100.0,2.9810290527343852
2024-08-06,159.11886106034058,160.3572233242791,156.20273241161613,169.65997758713567,158.08023071289062,158.38,100.0,0.29976928710937045
2024-08-07,161.0363063938684,162.76400947628738,158.25999175698507,168.20256325780926,158.7293701171875,160.66,100.0,1.9306298828124966
2024-08-08,160.29728713235718,163.47308092972898,159.99769688233283,167.35092510338262,161.81527709960938,162.92,100.0,1.1047229003906125
2024-08-09,159.79795615821598,163.57294584604068,158.8492181049867,166.83121638842638,163.45310974121094,162.32,100.0,1.1331097412109443
2024-08-12,164.13220346738748,164.68146239642743,161.62552005846075,166.1970436238758,162.07492065429688,162.99,100.0,0.9150793457031341
2024-08-13,163.19345300516065,164.51169581936622,162.75403365423605,165.89643235488506,163.9424591064453,164.27,100.0,0.32754089355469773
2024-08-14,162.18477930150115,163.00369994129383,157.50100735121106,165.13123746798374,160.157470703125,159.51,100.0,0.6474707031250091
2024-08-15,160.28729981590126,161.4257884386958,159.39847988440874,164.5919048290234,161.08624267578125,160.92,100.0,0.1662426757812625
2024-08-16,161.2560181621834,164.8412569699406,160.91647239378383,164.34552406145568,162.74404907226562,164.01,100.0,1.265950927734366
2024-08-19,165.06096983389187,166.46910496007789,164.04231727042026,164.62600447956368,166.44912719726562,165.64,100.0,0.8091271972656386
2024-08-20,166.6788225848178,168.41652227024488,166.59894200857224,164.93699725793957,166.9584503173828,168.21,100.0,1.2515496826171955
2024-08-21,164.93113396838285,166.62889328674834,164.45177434035514,165.0294267576622,165.63021850585938,166.16,100.0,0.5297814941406216
2024-08-22,167.0383377133396,167.36790221837418,163.09357539194556,164.8365607257812,163.5829315185547,164.46,100.0,0.8770684814453205
2024-08-23,164.5017114859788,165.9597681356595,163.61289153859136,164.9117543217187,165.4005126953125,165.24,100.0,0.1605126953124909
2024-08-26,166.15951374647685,167.32796140323194,164.2420600093479,165.04882762244264,165.93980407714844,165.83,100.0,0.109804077148425
2024-08-27,165.62022791906145,166.2194389044176,164.24206703445174,164.97055213606487,164.46176147460938,165.34,100.0,0.8782385253906284
2024-08-28,164.82128611216484,165.3805568135415,161.31594296869815,164.65903865789684,162.6342010498047,162.81,100.0,0.17579895019531477
2024-08-29,164.09225889401242,165.75006276921926,160.03764152201563,164.24658187590646,161.56561279296875,162.43,100.0,0.8643872070312568
2024-08-30,162.40449530446978,163.44312565695907,161.47573503093597,164.10217068242625,163.1634979248047,162.86,100.0,0.30349792480467386
2024-09-03,161.50569692667838,161.63552953268888,156.27263526031015,163.17541112463923,157.15147399902344,157.86,100.0,0.7085260009765761
2024-09-04,156.4524042027692,158.78929967277236,155.75333486198645,162.25104641218732,156.24267578125,158.12,100.0,1.8773242187500045
2024-09-05,156.09287471697405,159.2386942501979,155.7732914655825,161.55512441985923,157.03163146972656,158.62,100.0,1.588368530273442
2024-09-06,157.09155141545696,157.62084784821448,150.3504964155697,160.11044132663844,150.72000122070312,152.55,100.0,1.8299987792968864
2024-09-09,152.50999450683594,153.39999389648438,147.22000122070312,158.59038337826894,148.7100067138672,149.47,100.0,0.7599932861328114
2024-09-10,150.4499969482422,151.27000427246094,148.33999633789062,157.26633274944766,148.66000366210938,149.94,100.0,1.2799963378906227
2024-09-11,149.9199981689453,151.5,147.52000427246094,156.45215553780255,151.16000366210938,149.7,100.0,1.4600036621093864
2024-09-12,153.8000030517578,154.82000732421875,152.64999389648438,156.2172017916164,154.69000244140625,154.07,100.0,0.6200024414062568
2024-09-13,155.42999267578125,158.3800048828125,155.2100067138672,156.38290911458316,157.4600067138672,157.76,100.0,0.2999932861328034
2024-09-16,157.30999755859375,158.25,156.60000610351562,156.6065209071179,158.05999755859375,157.78,100.0,0.27999755859374886
2024-09-17,159.02000427246094,160.5500030517578,158.3800048828125,156.96831909606468,159.32000732421875,159.93,100.0,0.6099926757812568
2024-09-18,159.86000061035156,160.5,158.60000610351562,157.3472095577352,159.80999755859375,159.63,100.0,0.17999755859375455
2024-09-19,163.7100067138672,163.7899932861328,161.33999633789062,157.98624820199032,162.13999938964844,162.1,100.0,0.039999389648443184
2024-09-20,163.5,163.72999572753906,162.05999755859375,158.73341462011035,163.58999633789062,162.77,100.0,0.8199963378906148
